track_name,album_name,release_date,track_id,duration_ms,danceability,energy,key,loudness,mode,speechiness,acousticness,instrumentalness,liveness,valence,tempo,lyrics_url
Ocean,Mount Wittenberg Orca (Expanded Edition),2023-06-16,7oMy4krSWbBPVHtXBiyHrk,129026,0.104,0.0475,10,-13.914,1,0.0451,0.59,0.987,0.13,0.038,76.759,https://genius.com/Bjork-living-by-the-ocean-interview-lyrics
On and Ever Onward,Mount Wittenberg Orca (Expanded Edition),2023-06-16,2GxGDzq6dpPXUADQsa6o9T,121013,0.719,0.236,7,-9.063,1,0.033,0.774,0,0.0621,0.836,112.27,Lyrics not found
When the World Comes to an End,Mount Wittenberg Orca (Expanded Edition),2023-06-16,09TNNle5fDBPUtLpO6a7BK,188053,0.439,0.318,5,-11.552,1,0.046,0.579,6.95e-06,0.121,0.507,156.127,Lyrics not found
Beautiful Mother,Mount Wittenberg Orca (Expanded Edition),2023-06-16,3shbvAgUyh9nhJa53JN8mB,136360,0.86,0.154,7,-10.016,1,0.0539,0.679,0.00113,0.116,0.398,126.6,Lyrics not found
Sharing Orb,Mount Wittenberg Orca (Expanded Edition),2023-06-16,1M4euFTqRYW2xTLhqYGC0C,168000,0.496,0.0524,7,-9.198,1,0.0411,0.888,0,0.19,0.241,118.455,Lyrics not found
No Embrace,Mount Wittenberg Orca (Expanded Edition),2023-06-16,50GqjdVlfLflu1qMYxWQW5,253973,0.361,0.129,7,-11.129,1,0.033,0.882,3.05e-05,0.143,0.299,118.116,https://genius.com/Bjork-wanderlust-ratatat-remix-lyrics
All We Are,Mount Wittenberg Orca (Expanded Edition),2023-06-16,70eo8KLj0DFdbis2QYfas0,283906,0.323,0.0417,2,-18.029,0,0.0344,0.925,0,0.117,0.0391,123.928,https://genius.com/Bjork-losss-lyrics
Intro - Live from Housing Works 2009,Mount Wittenberg Orca (Expanded Edition),2023-06-16,3QWxEcoYt4EYDhShmn17h4,136626,0.578,0.374,3,-18.158,1,0.953,0.887,0,0.723,0.529,168.535,Lyrics not found
Ocean - Live from Housing Works 2009,Mount Wittenberg Orca (Expanded Edition),2023-06-16,61zHjRcLwsyTMXfPCjwww1,74506,0.401,0.0332,5,-23.549,1,0.0327,0.953,0.02,0.103,0.0649,50.113,Lyrics not found
On and Ever Onward - Live from Housing Works 2009,Mount Wittenberg Orca (Expanded Edition),2023-06-16,25JI5Fveqq1wDLPWO3z9so,141106,0.611,0.248,7,-9.586,1,0.0724,0.893,0,0.676,0.656,121.102,Lyrics not found
When the World Comes to an End - Live from Housing Works 2009,Mount Wittenberg Orca (Expanded Edition),2023-06-16,1EontRCrXtt4GT7LpLi6it,147840,0.465,0.169,7,-13.366,1,0.0563,0.855,9.34e-05,0.137,0.245,157.623,Lyrics not found
Beautiful Mother - Live from Housing Works 2009,Mount Wittenberg Orca (Expanded Edition),2023-06-16,2Bw4AUQwAW4pAcG4YF0IOB,119906,0.586,0.259,7,-13.999,1,0.303,0.738,0.578,0.25,0.237,130.092,Lyrics not found
Sharing Orb - Live from Housing Works 2009,Mount Wittenberg Orca (Expanded Edition),2023-06-16,2gDDG8fsavxhIR9tzaxIIX,145373,0.483,0.179,2,-13.414,1,0.0837,0.898,0,0.79,0.385,84.503,Lyrics not found
No Embrace - Live from Housing Works 2009,Mount Wittenberg Orca (Expanded Edition),2023-06-16,1AzyW4lH5y6U9rn69Gr91u,182973,0.427,0.265,7,-13.222,1,0.0742,0.84,8.44e-06,0.823,0.553,148.821,Lyrics not found
All We Are - Live from Housing Works 2009,Mount Wittenberg Orca (Expanded Edition),2023-06-16,2orQqyJ2oTFLZB3HhvOCyP,219600,0.434,0.0752,2,-18.2,0,0.0322,0.939,1.87e-05,0.722,0.224,98.421,Lyrics not found
Wave Invocation - MWO I Inverness Demo,Mount Wittenberg Orca (Expanded Edition),2023-06-16,7dtbmyduD0vFe8q5DGA0Tw,76866,0.386,0.0125,10,-14.62,1,0.0645,0.989,0,0.168,0.0751,143.048,Lyrics not found
Motherwhale Song - MWO II Inverness Demo,Mount Wittenberg Orca (Expanded Edition),2023-06-16,2966swk8Q0G92gx2YlVV7o,131786,0.65,0.154,7,-12.428,1,0.0312,0.899,0.134,0.167,0.597,100.142,Lyrics not found
Whale Watcher Song - MWO III Inverness Demo,Mount Wittenberg Orca (Expanded Edition),2023-06-16,4tr7BcbcWsNIlK1VmYCWqr,114800,0.554,0.262,4,-10.348,0,0.0352,0.885,0.0144,0.173,0.486,87.642,Lyrics not found
Fugal Swim - MWO IV Inverness Demo,Mount Wittenberg Orca (Expanded Edition),2023-06-16,1DUnpLI9EXXwFtB2Knk5Jv,122653,0.901,0.169,7,-13.994,1,0.13,0.9,0.813,0.0791,0.604,120.151,Lyrics not found
First Duet - MWO V Inverness Demo,Mount Wittenberg Orca (Expanded Edition),2023-06-16,62DDKiWxLsHmR5Sj2RbjfB,133360,0.456,0.0426,2,-9.91,1,0.0286,0.988,0.00442,0.282,0.249,73.728,Lyrics not found
Migration - Unfinished MWO VI Inverness Demo,Mount Wittenberg Orca (Expanded Edition),2023-06-16,4j6h1mgvxE29WDowU6DCqm,73666,0.479,0.0195,7,-8.524,1,0.0574,0.891,1.06e-06,0.0841,0.35,144.265,Lyrics not found
Jubilation - MWO VII Inverness Demo,Mount Wittenberg Orca (Expanded Edition),2023-06-16,6jJACRj2Qvkn6o9T8F7m7J,138960,0.493,0.108,5,-10.685,1,0.0254,0.963,0.000287,0.0736,0.198,70.25,Lyrics not found
Benediction - MWO VIII Inverness Demo,Mount Wittenberg Orca (Expanded Edition),2023-06-16,2Pb7h0WQOyAm3IqjxCc2q4,152533,0.312,0.127,2,-10.842,0,0.0338,0.984,0.000644,0.117,0.174,76.031,Lyrics not found
When the World Comes to an End - Freewrite Demo,Mount Wittenberg Orca (Expanded Edition),2023-06-16,24k6zeIdv2r7j0OlRWOHSk,32053,0.54,0.287,2,-10.442,1,0.365,0.914,0,0.418,0.291,91.882,Lyrics not found
When the World Comes to an End - Vocalise Rehearsal Rough,Mount Wittenberg Orca (Expanded Edition),2023-06-16,2ZWIJme51Xafo4DlSgkklW,166106,0.557,0.27,7,-14.928,1,0.394,0.86,0.00344,0.253,0.834,146.179,Lyrics not found
Beautiful Mother - Vocalise Rehearsal Rough,Mount Wittenberg Orca (Expanded Edition),2023-06-16,1vDHrGEYOSvMWz9glnaPg4,63933,0.659,0.276,4,-7.003,0,0.0429,0.727,0.00229,0.279,0.954,113.206,Lyrics not found
On and Ever Onward - Full Rehearsal Rough,Mount Wittenberg Orca (Expanded Edition),2023-06-16,3VPlOZxK9WjYfVIp0nWXg3,157880,0.527,0.336,7,-9.846,1,0.162,0.62,4.79e-06,0.497,0.381,111.264,Lyrics not found
Atopos,Fossora,2022-09-30,3EdZdybDWDlGC0KumeGrqc,286903,0.582,0.897,7,-5.412,1,0.235,0.519,0.000211,0.125,0.304,175.909,https://genius.com/Bjork-atopos-lyrics
Ovule,Fossora,2022-09-30,4mX0h2W7mxcIBh6anDsZMq,218154,0.41,0.446,5,-6.905,0,0.0381,0.568,0,0.339,0.263,127.62,https://genius.com/Bjork-ovule-lyrics
Mycelia,Fossora,2022-09-30,61HE70rCrYsQCuZuL54Ni5,120175,0.599,0.0248,11,-14.863,1,0.0645,0.982,0.0251,0.0963,0.312,141.847,https://genius.com/Bjork-mycelia-lyrics
Sorrowful Soil,Fossora,2022-09-30,1hxJTaQouJURyxUA7yxOwM,195943,0.356,0.216,5,-10.96,0,0.0431,0.731,0,0.0935,0.211,77.636,https://genius.com/Bjork-sorrowful-soil-lyrics
Ancestress,Fossora,2022-09-30,32NgbSqJCGSKDKTqVgFRvA,437914,0.305,0.379,2,-8.896,0,0.0373,0.631,0,0.107,0.164,106.738,https://genius.com/Bjork-ancestress-lyrics
Fagurt Er í Fjörðum,Fossora,2022-09-30,1GAOXR2gtrxQ28XW0weuWZ,44405,0.399,0.131,4,-12.363,1,0.0412,0.809,1.23e-06,0.121,0.298,186.904,https://genius.com/Bjork-fagurt-er-i-fjorum-lyrics
Victimhood,Fossora,2022-09-30,0gtk9M7zDKe0VyLN24K0zr,417361,0.449,0.447,10,-9.675,0,0.0386,0.312,0.0491,0.0973,0.0882,159.964,https://genius.com/Bjork-victimhood-lyrics
Allow,Fossora,2022-09-30,4cZkyN3V4IgnQPT1gsrFsz,326675,0.416,0.384,10,-9.83,1,0.0399,0.711,0.0105,0.27,0.203,148.014,https://genius.com/Bjork-allow-lyrics
Fungal City,Fossora,2022-09-30,0mNjJCBYFX8c6I3Zdwf7zH,285844,0.495,0.621,10,-6.316,1,0.23,0.407,1.1e-06,0.231,0.56,160.013,https://genius.com/Bjork-fungal-city-lyrics
Trölla-Gabba,Fossora,2022-09-30,2im5iX7LFkBp7vI35x7AYw,117835,0.36,0.589,8,-7.337,1,0.0481,0.0653,0.278,0.0789,0.0356,94.948,https://genius.com/Bjork-trolla-gabba-lyrics
Freefall,Fossora,2022-09-30,3zWzcV17zueF7fKbGzLVXS,271078,0.38,0.343,3,-10.832,0,0.039,0.629,0.000124,0.0971,0.286,140.037,https://genius.com/Bjork-freefall-lyrics
Fossora,Fossora,2022-09-30,0hz1UrqsuZMGVDv7zjXBaK,259064,0.616,0.619,7,-5.418,0,0.0305,0.00272,0.015,0.0574,0.229,100.057,https://genius.com/Bjork-fossora-lyrics
Her Mother’s House,Fossora,2022-09-30,5SnfhqOuyWwWZJvu2u5pxg,273016,0.211,0.157,10,-11.091,1,0.031,0.944,0.003,0.0977,0.112,75.681,https://genius.com/Bjork-her-mothers-house-lyrics
Arisen My Senses,Utopia,2017-11-24,2BTHUfhgDfLpDmHqpaP1H5,299969,0.331,0.7,10,-6.604,0,0.042,0.115,0,0.139,0.356,98.55,https://genius.com/Bjork-arisen-my-senses-lyrics
Blissing Me,Utopia,2017-11-24,7FViqcH4AgoFG1JbzGk9HC,305703,0.497,0.493,9,-8.604,0,0.0321,0.897,3.55e-05,0.547,0.27,106.0,https://genius.com/Bjork-blissing-me-lyrics
The Gate,Utopia,2017-11-24,2nJuqrzE0TOYxxUmKKU7jN,393579,0.206,0.251,2,-8.834,0,0.0353,0.731,0,0.143,0.0384,77.987,https://genius.com/Bjork-the-gate-lyrics
Utopia,Utopia,2017-11-24,5Z2wK6iRQiLUYOZFsARWol,282739,0.221,0.478,9,-7.756,0,0.0482,0.922,4.12e-05,0.1,0.177,79.957,https://genius.com/Bjork-utopia-lyrics
Body Memory,Utopia,2017-11-24,1EToJbctRETNf8SMSuJgmE,586517,0.311,0.526,6,-8.219,1,0.0492,0.835,0.00011,0.125,0.0545,119.853,https://genius.com/Bjork-body-memory-lyrics
Features Creatures,Utopia,2017-11-24,7E27fZaDam5t5h29R77YOI,289967,0.316,0.104,11,-12.933,0,0.0365,0.989,0.000285,0.0962,0.0393,143.311,https://genius.com/Bjork-features-creatures-lyrics
Courtship,Utopia,2017-11-24,4Ql4NDHlIrVOQDb18KUprE,284640,0.34,0.476,1,-7.642,0,0.122,0.8,9.74e-05,0.169,0.274,91.606,https://genius.com/Bjork-courtship-lyrics
Losss,Utopia,2017-11-24,3TTQACcmsUeAnlCqcG6BuJ,411458,0.2,0.774,1,-5.138,0,0.145,0.409,7.28e-06,0.109,0.272,78.427,https://genius.com/Bjork-losss-lyrics
Sue Me,Utopia,2017-11-24,2rADDCsczKojqbQhEL7q9N,297836,0.42,0.701,9,-6.395,0,0.0912,0.288,3.23e-06,0.0684,0.217,105.683,https://genius.com/Bjork-sue-me-lyrics
Tabula Rasa,Utopia,2017-11-24,6LL3wwTheJ6mqs7GCByGTw,282020,0.205,0.283,2,-9.317,0,0.0337,0.904,0.0246,0.207,0.0889,164.048,https://genius.com/Bjork-tabula-rasa-lyrics
Claimstaker,Utopia,2017-11-24,5UpZhH9yIfHC4PlCh6GO5W,198818,0.226,0.196,6,-11.109,0,0.0397,0.966,0.0007,0.146,0.264,178.129,https://genius.com/Bjork-claimstaker-lyrics
Paradisia,Utopia,2017-11-24,65Ss3ctAvbxR8yypWeOOGT,104952,0.275,0.2,9,-13.882,1,0.0352,0.913,0.848,0.491,0.227,89.908,https://genius.com/Bjork-paradisia-lyrics
Saint,Utopia,2017-11-24,0Aw0Ne2tYYwDirL9L6OYdK,281358,0.315,0.521,5,-8.301,1,0.0644,0.61,0.00686,0.246,0.276,119.864,https://genius.com/Bjork-saint-lyrics
Future Forever,Utopia,2017-11-24,374rXt5Mj4aqKeHSP2I87w,287498,0.224,0.154,10,-11.81,1,0.0393,0.948,0.000697,0.108,0.19,170.637,https://genius.com/Bjork-future-forever-lyrics
Mouth Mantra - Live,"Vulnicura Strings (The Acoustic Version: Strings, Voice And Viola Organista Only)",2015-11-06,7shQydI0pOljLHI4Bsef7x,369174,0.242,0.242,0,-7.7,0,0.0325,0.665,1.07e-06,0.145,0.167,118.313,https://genius.com/Bjork-mouth-mantra-live-2015-lyrics
Lionsong - Live,"Vulnicura Strings (The Acoustic Version: Strings, Voice And Viola Organista Only)",2015-11-06,3XRfBnKl8KVgJmJ3mK2ZR7,377647,0.162,0.236,7,-8.928,0,0.0398,0.949,2.16e-05,0.135,0.106,79.054,https://genius.com/Bjork-lionsong-live-2015-lyrics
Black Lake - Live,"Vulnicura Strings (The Acoustic Version: Strings, Voice And Viola Organista Only)",2015-11-06,3Nf54N1zCp2RkU7OV3rXz8,608898,0.194,0.0498,3,-16.564,0,0.0358,0.978,0.000155,0.103,0.0398,52.195,https://genius.com/Bjork-black-lake-live-2015-lyrics
Atom Dance - Live,"Vulnicura Strings (The Acoustic Version: Strings, Voice And Viola Organista Only)",2015-11-06,2TnjBFb4h61F3KxpvxxTrE,466317,0.587,0.208,4,-9.755,0,0.031,0.913,9.53e-05,0.328,0.393,136.016,Lyrics not found
Stonemilker - Live,"Vulnicura Strings (The Acoustic Version: Strings, Voice And Viola Organista Only)",2015-11-06,6wdA2lvEDvHk0xDB5zERwW,408702,0.128,0.197,2,-12.146,1,0.035,0.759,0.00211,0.101,0.102,168.616,https://genius.com/Bjork-stonemilker-live-2015-lyrics
Quicksand - Live,"Vulnicura Strings (The Acoustic Version: Strings, Voice And Viola Organista Only)",2015-11-06,4SwlfzozvwUjI7Opd1qJrj,248350,0.16,0.228,9,-12.189,1,0.0359,0.901,4.21e-05,0.327,0.273,78.206,https://genius.com/Bjork-quicksand-live-2015-lyrics
Notget - Live,"Vulnicura Strings (The Acoustic Version: Strings, Voice And Viola Organista Only)",2015-11-06,4r1H37RhuLiTi2MYI28FQ1,281468,0.379,0.252,5,-7.838,1,0.0358,0.814,0.000356,0.0885,0.208,180.271,https://genius.com/Bjork-notget-live-2015-lyrics
Family - Live,"Vulnicura Strings (The Acoustic Version: Strings, Voice And Viola Organista Only)",2015-11-06,6GztcC8UR97tJwnOxGWuv2,424010,0.172,0.305,1,-12.506,1,0.0356,0.84,0.94,0.0931,0.0359,121.678,https://genius.com/Bjork-family-live-2015-lyrics
Black Lake - Viola Organista Version,"Vulnicura Strings (The Acoustic Version: Strings, Voice And Viola Organista Only)",2015-11-06,66Ls0voqPlN7Qtwd3We80y,655088,0.0791,0.000726,3,-16.64,0,0.042,0.446,0.0155,0.108,0.0828,73.241,Lyrics not found
Stonemilker - Live,Vulnicura (Live),2015-11-06,71SmZWJMcawHVyxaJzaXg1,444986,0.214,0.278,2,-14.288,1,0.0376,0.43,0.000183,0.985,0.0799,118.147,https://genius.com/Bjork-stonemilker-live-2015-lyrics
Lionsong - Live,Vulnicura (Live),2015-11-06,1Rkapqgo1ISTvU3Wl515j2,395600,0.246,0.496,9,-9.717,1,0.0469,0.311,0,0.712,0.0536,97.289,https://genius.com/Bjork-lionsong-live-2015-lyrics
History Of Touches - Live,Vulnicura (Live),2015-11-06,2IWbyqGGX4NVfH4RohSdwI,198360,0.324,0.219,1,-16.389,1,0.034,0.719,2.75e-05,0.972,0.108,105.867,https://genius.com/Bjork-history-of-touches-live-2015-lyrics
Black Lake - Live,Vulnicura (Live),2015-11-06,60i1KukGiIoQI7jtHyFKlM,644426,0.203,0.33,3,-14.849,0,0.0447,0.723,0.000922,0.711,0.0367,99.919,https://genius.com/Bjork-black-lake-live-2015-lyrics
Family - Live,Vulnicura (Live),2015-11-06,32YR5glFfRAsfifKfi61JH,471200,0.241,0.362,1,-12.402,1,0.0422,0.127,0.000461,0.715,0.0499,112.664,https://genius.com/Bjork-family-live-2015-lyrics
Notget - Live,Vulnicura (Live),2015-11-06,6Mc62MbH7nYmyfe4Saf8fv,314026,0.494,0.63,1,-9.742,0,0.0681,0.0204,2.91e-06,0.898,0.271,90.04,https://genius.com/Bjork-notget-live-2015-lyrics
Undo - Live,Vulnicura (Live),2015-11-06,1swjmNeydBiVGgoeUJrrch,373280,0.316,0.426,10,-14.981,1,0.0474,0.471,0.0263,0.697,0.08,115.874,https://genius.com/Bjork-undo-live-2015-lyrics
Come To Me - Live,Vulnicura (Live),2015-11-06,4OMqBbrtpWmJ8FZDSrk0fv,323293,0.318,0.396,4,-11.65,1,0.0405,0.121,0.000728,0.705,0.0555,87.273,https://genius.com/Bjork-come-to-me-live-2015-lyrics
I See Who You Are - Live,Vulnicura (Live),2015-11-06,4f9WLQXxbutSTLBt0fMaLI,244773,0.52,0.602,0,-9.357,0,0.039,0.608,2.93e-05,0.966,0.29,104.943,https://genius.com/Bjork-i-see-who-you-are-live-2015-lyrics
Wanderlust - Live,Vulnicura (Live),2015-11-06,22h7EJujvrgXuS9cTZp08I,380493,0.36,0.595,6,-8.903,1,0.112,0.0124,6.25e-05,0.774,0.14,126.404,https://genius.com/Bjork-wanderlust-live-2007-lyrics
Quicksand - Live,Vulnicura (Live),2015-11-06,4aAV5XNN2rs2k4QUie72BC,238626,0.486,0.853,11,-8.137,0,0.0758,0.0281,0.00122,0.712,0.431,149.871,https://genius.com/Bjork-quicksand-live-2015-lyrics
Mutual Core - Live,Vulnicura (Live),2015-11-06,5BMMOGVJ4aqvLxY3VRCR09,308586,0.296,0.609,3,-8.544,0,0.0953,0.565,0.065,0.935,0.267,129.521,https://genius.com/Bjork-mutual-core-live-2015-lyrics
Mouth Mantra - Live,Vulnicura (Live),2015-11-06,71m1ktID8WrQoB9NjCP7Nm,389360,0.217,0.77,5,-6.751,0,0.0705,0.00251,0.0101,0.708,0.229,121.895,https://genius.com/Bjork-mouth-mantra-live-2015-lyrics
Stonemilker,Vulnicura,2015-01-27,17DNqXJCKp5ku17UUvzFj9,409320,0.133,0.257,2,-13.545,1,0.0317,0.12,0.00608,0.1,0.0501,82.163,https://genius.com/Bjork-stonemilker-lyrics
Lionsong,Vulnicura,2015-01-27,4R6JvOtTKJ1WZURbedVknL,368693,0.291,0.296,7,-13.292,0,0.0472,0.548,1.25e-06,0.173,0.0634,142.708,https://genius.com/Bjork-lionsong-lyrics
History Of Touches,Vulnicura,2015-01-27,4Ljm5JMrUZp88Uxq6qioOH,180200,0.255,0.143,1,-15.36,1,0.031,0.797,0,0.18,0.136,165.406,https://genius.com/Bjork-history-of-touches-lyrics
Black Lake,Vulnicura,2015-01-27,5qfJSItAIEndephCzfQ6Nu,608760,0.241,0.219,3,-15.15,0,0.0362,0.473,0.00081,0.0823,0.0364,135.914,https://genius.com/Bjork-black-lake-lyrics
Family,Vulnicura,2015-01-27,4BIbhfDK6x80KpyR7g6gze,482480,0.175,0.286,8,-13.01,0,0.0379,0.0892,0.000266,0.112,0.0391,78.215,https://genius.com/Bjork-family-lyrics
Notget,Vulnicura,2015-01-27,0NdYYigNfQqzL0k0ZxAlPQ,386560,0.309,0.573,9,-12.629,0,0.36,0.0504,0.000729,0.088,0.218,178.769,https://genius.com/Bjork-notget-lyrics
Atom Dance,Vulnicura,2015-01-27,7gZ03tXzYAfKpRovt1nMUU,490680,0.545,0.41,5,-10.062,1,0.0525,0.59,0.00169,0.362,0.355,136.0,https://genius.com/Bjork-atom-dance-lyrics
Mouth Mantra,Vulnicura,2015-01-27,0jScPW4VvJDNviR3YrPtas,369533,0.271,0.569,5,-8.174,0,0.0544,0.0598,0.00587,0.106,0.133,76.6,https://genius.com/Bjork-mouth-mantra-lyrics
Quicksand,Vulnicura,2015-01-27,3NAxXFxc3F9TkgNdf5p5ud,225240,0.604,0.787,2,-7.453,1,0.0444,0.00343,0.00118,0.0883,0.318,149.982,https://genius.com/Bjork-quicksand-lyrics
Oskasteinn - Live,Biophilia (Live),2014-11-24,5T39KH5wRvtk9nIizmFo1V,169537,0.384,0.214,7,-19.869,1,0.387,0.859,0,0.702,0.484,57.081,https://genius.com/Bjork-oskasteinn-live-2013-lyrics
Thunderbolt - Live,Biophilia (Live),2014-11-24,2GHFedOFhEADprJH84GBWO,321652,0.337,0.316,11,-11.392,0,0.0612,0.199,1.69e-06,0.692,0.0588,82.557,https://genius.com/Bjork-thunderbolt-live-2013-lyrics
Moon - Live,Biophilia (Live),2014-11-24,4SYJ3HFJ0rWjypmtepA0x0,365152,0.554,0.209,4,-14.782,0,0.0337,0.849,6.8e-05,0.97,0.135,83.421,https://genius.com/Bjork-moon-live-2013-lyrics
Crystalline - Live,Biophilia (Live),2014-11-24,7jlpd6vbdCiA8twNFaOWos,311765,0.646,0.726,6,-9.159,0,0.0574,0.0268,0.000127,0.704,0.34,185.937,https://genius.com/Bjork-crystalline-live-2013-lyrics
Hollow - Live,Biophilia (Live),2014-11-24,1SUR3cvNNefYuUB21kJNCP,360389,0.489,0.206,4,-14.872,0,0.103,0.681,0.0131,0.958,0.0679,131.309,https://genius.com/Bjork-hollow-live-2013-lyrics
Dark Matter - Live,Biophilia (Live),2014-11-24,5lwasF3sxgc3u7YFJNwXEH,185002,0.232,0.201,2,-15.549,1,0.0358,0.869,8.46e-05,0.9,0.0318,112.203,https://genius.com/Bjork-dark-matter-live-2013-lyrics
Hidden Place - Live,Biophilia (Live),2014-11-24,2wybilE1ll5me7Nk2mZdeg,347918,0.556,0.901,9,-8.914,0,0.198,0.0651,0.0543,0.695,0.567,149.924,https://genius.com/Bjork-hidden-place-live-2001-lyrics
Virus - Live,Biophilia (Live),2014-11-24,7dvsw6kNQ3JNkdLnJpkU0R,335947,0.709,0.354,5,-15.733,0,0.0421,0.572,1.54e-05,0.733,0.159,120.008,https://genius.com/Bjork-virus-live-2013-lyrics
Possibly Maybe - Live,Biophilia (Live),2014-11-24,1bZ4GF5HkywrPJG0uwHwWv,306625,0.703,0.495,10,-12.932,1,0.0709,0.747,3.82e-05,0.89,0.336,111.982,https://genius.com/Bjork-possibly-maybe-live-lyrics
Mouth's Cradle - Live,Biophilia (Live),2014-11-24,36ILxY4FJjhvKKnAlrHNQq,254819,0.353,0.628,1,-10.521,1,0.15,0.456,0.00039,0.718,0.446,80.051,https://genius.com/Bjork-mouths-cradle-live-2013-lyrics
Isobel - Live,Biophilia (Live),2014-11-24,0VGmgKVyiFqgeGmoqjhmto,370162,0.666,0.633,11,-9.294,0,0.0394,0.0755,0.0392,0.957,0.129,99.848,https://genius.com/Bjork-isobel-live-2013-lyrics
Sonnets/Unrealities - Live,Biophilia (Live),2014-11-24,5jefntvtQnPq2AA5X28FmN,122787,0.393,0.142,7,-17.226,1,0.0545,0.889,0,0.572,0.216,88.825,https://genius.com/Bjork-sonnets-unrealities-xi-live-2013-lyrics
Mutual Core - Live,Biophilia (Live),2014-11-24,0GbgDTQIH2vh7MQroYjVnM,318239,0.358,0.471,3,-11.358,0,0.133,0.387,6.92e-06,0.986,0.279,96.509,https://genius.com/Bjork-mutual-core-live-2015-lyrics
Cosmogony - Live,Biophilia (Live),2014-11-24,1kRxqSTWtqtqhezyZJPIW8,323283,0.284,0.258,1,-14.678,1,0.036,0.699,0.00113,0.973,0.19,100.786,https://genius.com/Bjork-cosmogony-live-2013-lyrics
Solstice - Live,Biophilia (Live),2014-11-24,2PBs6jZfHlcP0klteNlrvU,343731,0.543,0.33,2,-16.678,0,0.0521,0.977,0.00517,0.863,0.519,109.29,https://genius.com/Bjork-solstice-live-2013-lyrics
One Day - Live,Biophilia (Live),2014-11-24,54p1diig48ebVFm0Zj33kY,430493,0.504,0.563,5,-11.563,0,0.111,0.943,0.0094,0.971,0.345,107.188,https://genius.com/Bjork-one-day-live-2013-lyrics
Nattura - Live,Biophilia (Live),2014-11-24,3u1LcKYAaONooDpkGhLBMW,212417,0.453,0.985,10,-7.96,0,0.276,0.141,0.227,0.945,0.129,96.394,https://genius.com/Bjork-nattura-live-2013-lyrics
Declare Independence - Live,Biophilia (Live),2014-11-24,1TKdWCNVrJ6XHQjzUPnRhP,294558,0.362,0.987,11,-4.948,1,0.224,0.0168,0.206,0.938,0.0379,148.787,https://genius.com/Bjork-declare-independence-live-2007-lyrics
Sacrifice - Live,Biophilia (Live),2014-11-24,4tcB6ifUurlOfARpVJIt3v,317950,0.39,0.408,5,-15.009,1,0.0987,0.608,0,0.99,0.225,124.739,https://genius.com/Bjork-sacrifice-live-2013-lyrics
Bat Sounds - Live,Biophilia (Live),2014-11-24,02adFphq1sEAHmtw27PhZ1,98674,0.597,0.612,8,-37.804,0,0.0682,0.686,0.00281,0.139,0.015,73.248,https://genius.com/Bjork-family-live-2015-lyrics
Crystalline - Omar Souleyman Remix,Bastards,2012-11-19,1Vi97HM3mDyEQuUoHw4KxS,399080,0.63,0.872,5,-2.369,0,0.0439,0.0635,3.32e-05,0.226,0.536,90.018,https://genius.com/Bjork-crystalline-omar-souleyman-remix-lyrics
Virus - Hudson Mohawke Peaches and Guacamol Remix,Bastards,2012-11-19,0ALGwrct9lYeQCllnPfYAg,289026,0.513,0.443,1,-9.071,1,0.0304,0.605,0.000246,0.0662,0.105,121.021,Lyrics not found
Sacrifice - Death Grips Remix,Bastards,2012-11-19,6rs1Fj1vIYUmFf6iwzd63m,257092,0.506,0.908,5,-5.665,1,0.198,0.291,0.000387,0.191,0.604,139.851,https://genius.com/Bjork-sacrifice-death-grips-remix-lyrics
Sacrifice - Matthew Herbert's Pins And Needles Mix,Bastards,2012-11-19,4xM0beakAudRWBaY9OpwFh,285760,0.666,0.337,9,-15.856,1,0.151,0.217,1.09e-05,0.157,0.229,108.082,https://genius.com/Bjork-sacrifice-reprise-matthew-herberts-pins-and-needles-mix-lyrics
Mutual Core - These New Puritans Remix,Bastards,2012-11-19,0Vdm5IKSfzjxaV9vFjZFr0,234466,0.235,0.343,5,-10.498,1,0.0394,0.134,7.3e-05,0.114,0.144,80.09,Lyrics not found
Hollow - 16-Bit Remix,Bastards,2012-11-19,0Cwdlw65AXjM9YBuktsPML,419893,0.574,0.481,1,-8.194,1,0.0909,0.185,0.077,0.184,0.0385,131.659,Lyrics not found
Mutual Core - Matthew Herbert's Teutonic Plates Mix,Bastards,2012-11-19,3yZ5uIYzKHgkoR9vfnWHVk,305866,0.337,0.801,3,-4.95,0,0.0958,0.173,0.00909,0.561,0.477,95.322,Lyrics not found
Thunderbolt - Death Grips Remix,Bastards,2012-11-19,3Fe4oNg4GnsPSNAEysiASl,304786,0.4,0.893,9,-6.898,1,0.528,0.179,0.00217,0.298,0.472,106.947,https://genius.com/Bjork-thunderbolt-death-grips-remix-lyrics
Dark Matter - Alva Noto Remodel,Bastards,2012-11-19,4ET0NR6v5FZxB6oj7WzEwO,340240,0.223,0.701,6,-8.552,0,0.0402,0.611,0.477,0.108,0.032,132.568,https://genius.com/Bjork-dark-matter-alva-noto-remodel-lyrics
Thunderbolt - Omar Souleyman Remix,Bastards,2012-11-19,5I5sqebcDFOmZMVkZ2GLSm,442573,0.612,0.899,4,-3.548,0,0.0521,0.0146,0.000424,0.0685,0.82,99.927,https://genius.com/Bjork-thunderbolt-omar-souleyman-remix-lyrics
Solstice - Current Value Remix,Bastards,2012-11-19,3CjMl1KGZwC0tXjBPnLdJO,388293,0.365,0.851,5,-5.782,1,0.209,0.00155,0.0698,0.267,0.125,139.608,https://genius.com/Bjork-solstice-current-value-remix-lyrics
Moon - The Slips Remix,Bastards,2012-11-19,4WntAtp0VzhZBO0XTy5HDK,367760,0.633,0.821,0,-7.296,1,0.0456,0.0835,7.37e-05,0.105,0.684,166.879,https://genius.com/Bjork-moon-the-slips-remix-lyrics
Crystalline - Matthew Herbert Remix,Bastards,2012-11-19,0Jpsa6DhrR7xkab4t5ApRq,319213,0.678,0.801,11,-5.958,0,0.522,0.384,0.000139,0.313,0.408,89.943,Lyrics not found
Ocean,Mount Wittenberg Orca,2011-10-31,5yf1r6iNbjgZNerukLGLOG,129026,0.152,0.0474,10,-13.914,1,0.044,0.59,0.987,0.13,0.038,79.412,https://genius.com/Bjork-living-by-the-ocean-interview-lyrics
On and Ever Onward,Mount Wittenberg Orca,2011-10-31,4nFfiZcd2KqIcv3bCLwXTH,121013,0.719,0.236,7,-9.063,1,0.0329,0.774,0,0.0622,0.837,112.27,Lyrics not found
When the World Comes to an End,Mount Wittenberg Orca,2011-10-31,0b3wBa4PAm3Qqqu2Uwi0R4,188053,0.44,0.318,5,-11.555,1,0.0466,0.581,6.8e-06,0.121,0.502,156.306,Lyrics not found
Beautiful Mother,Mount Wittenberg Orca,2011-10-31,7BoLalyJ47IYeGzo0OG7Uu,136360,0.86,0.154,7,-10.016,1,0.054,0.679,0.00113,0.116,0.398,126.597,Lyrics not found
Sharing Orb,Mount Wittenberg Orca,2011-10-31,2zPKY81rhdSDbD6iJsU2gv,168000,0.496,0.0524,7,-9.198,1,0.0411,0.888,0,0.19,0.241,118.334,Lyrics not found
No Embrace,Mount Wittenberg Orca,2011-10-31,5v7JvwgoPu7U6yERGNhruD,253973,0.362,0.129,7,-11.12,1,0.033,0.881,2.82e-05,0.143,0.272,118.113,https://genius.com/Bjork-wanderlust-ratatat-remix-lyrics
All We Are,Mount Wittenberg Orca,2011-10-31,1aYwWC2ieA1YMIjSFGbpzm,283906,0.32,0.0416,2,-18.029,0,0.0339,0.926,0,0.117,0.0391,125.948,https://genius.com/Bjork-losss-lyrics
Moon,Biophilia (Deluxe Edition),2011-10-10,2Q0qzMak3O7uDVZrDO9RDN,340893,0.568,0.251,4,-10.645,0,0.0313,0.911,3.33e-05,0.222,0.128,166.776,https://genius.com/Bjork-moon-lyrics
Thunderbolt,Biophilia (Deluxe Edition),2011-10-10,4BNIUgqAdOrAWNELDE97nx,315213,0.39,0.283,11,-9.96,0,0.0429,0.788,3.01e-05,0.171,0.146,106.978,https://genius.com/Bjork-thunderbolt-lyrics
Crystalline,Biophilia (Deluxe Edition),2011-10-10,3PfdVg6wGFvUYdGrrUJNQ0,308053,0.61,0.645,7,-9.608,0,0.0436,0.0123,2.72e-05,0.0739,0.412,179.956,https://genius.com/Bjork-crystalline-lyrics
Cosmogony,Biophilia (Deluxe Edition),2011-10-10,1bvElUs6RaToYRIzH5HBic,300653,0.304,0.117,1,-16.904,1,0.0339,0.944,0.000995,0.113,0.151,64.919,https://genius.com/Bjork-cosmogony-lyrics
Dark Matter,Biophilia (Deluxe Edition),2011-10-10,1UtgKa1GFVhUWlcJtYFzBW,202386,0.212,0.101,9,-17.787,1,0.0398,0.865,0.0245,0.115,0.0325,109.002,https://genius.com/Bjork-dark-matter-lyrics
Hollow,Biophilia (Deluxe Edition),2011-10-10,3Qfwdc3oKa987rm26sdFT2,349586,0.517,0.228,4,-15.407,0,0.106,0.896,0.53,0.105,0.0787,131.898,https://genius.com/Bjork-hollow-lyrics
Virus,Biophilia (Deluxe Edition),2011-10-10,6i0qr28saykn5EtvOAlotI,319600,0.648,0.456,5,-8.03,0,0.0377,0.646,5.85e-06,0.0597,0.152,120.071,https://genius.com/Bjork-virus-lyrics
Sacrifice,Biophilia (Deluxe Edition),2011-10-10,5K2LRSe7Uz8Vdrf9c21JNl,242000,0.421,0.541,9,-11.527,0,0.0501,0.334,0.000932,0.0765,0.243,119.235,https://genius.com/Bjork-sacrifice-lyrics
Mutual Core,Biophilia (Deluxe Edition),2011-10-10,2A2I0ArIeOv3UfRmDu2UTV,306400,0.373,0.366,8,-9.687,0,0.056,0.468,3.9e-06,0.463,0.131,95.407,https://genius.com/Bjork-mutual-core-lyrics
Solstice,Biophilia (Deluxe Edition),2011-10-10,0wRiSqoiIYvQUw19eRHUo0,281826,0.755,0.0746,5,-16.69,1,0.0348,0.96,0.000311,0.202,0.287,107.404,https://genius.com/Bjork-solstice-lyrics
Hollow - 7 Minute Version,Biophilia (Deluxe Edition),2011-10-10,1qubHOw8UKDbBOogYCPHwL,427693,0.546,0.299,4,-11.191,0,0.0439,0.961,0.632,0.113,0.0723,133.135,https://genius.com/Bjork-hollow-original-7-minutes-version-lyrics
Dark Matter - With Choir & Organ,Biophilia (Deluxe Edition),2011-10-10,3Z1gUDug5iR2uKShVc0rZI,205120,0.219,0.0833,2,-16.425,1,0.0403,0.96,0.339,0.123,0.0298,121.525,https://genius.com/Bjork-dark-matter-with-choir-and-organ-lyrics
Nattura,Biophilia (Deluxe Edition),2011-10-10,5YonALFFOa2nHXZWA0yEk9,228613,0.46,0.927,1,-7.346,1,0.134,0.158,0.195,0.111,0.618,95.685,https://genius.com/Bjork-nattura-lyrics
Wanderlust - Live,Voltaic,2009-06-23,4aFaFiPxcDuJZWjic4D9bc,346666,0.638,0.753,6,-10.387,1,0.0523,0.0892,0.000458,0.201,0.403,129.912,https://genius.com/Bjork-wanderlust-live-2007-lyrics
Hunter - Live,Voltaic,2009-06-23,6EV8GWfpzdYHe2yYXEaKZX,258506,0.319,0.848,7,-13.495,1,0.134,0.256,0.272,0.0705,0.302,159.928,https://genius.com/Bjork-hunter-live-2007-lyrics
Pleasure Is All Mine - Live,Voltaic,2009-06-23,1VzO5eYRnBSIrX4nQ3FsXM,200493,0.415,0.184,5,-14.542,0,0.0324,0.843,0.314,0.154,0.0398,92.077,https://genius.com/Bjork-pleasure-is-all-mine-live-2007-lyrics
Innocence - Live,Voltaic,2009-06-23,2asRfyDv8yLRdRq3WXN2Wh,239920,0.551,0.452,2,-11.191,1,0.403,0.319,0,0.0818,0.384,116.917,https://genius.com/Bjork-innocence-live-2007-lyrics
Army Of Me - Live,Voltaic,2009-06-23,0rn546qln1IFYlFYyjqil0,260146,0.373,0.853,10,-7.265,0,0.0807,0.0193,0.00885,0.108,0.289,171.938,https://genius.com/Bjork-army-of-me-live-2007-lyrics
I Miss You - Live,Voltaic,2009-06-23,5OIGghIs6lDnavsTeOdl9M,210466,0.443,0.576,0,-13.949,0,0.101,0.0434,0.000229,0.0642,0.479,119.712,https://genius.com/Bjork-i-miss-you-live-2007-lyrics
Earth Intruders - Live,Voltaic,2009-06-23,4mtOM1GRzcjhb5KAkwl24Y,231746,0.611,0.744,1,-12.252,1,0.138,0.161,0.000276,0.313,0.422,109.038,https://genius.com/Bjork-earth-intruders-live-2007-lyrics
All Is Full Of Love - Live,Voltaic,2009-06-23,0lLXitSusKQj4csgc0Hso7,244773,0.472,0.407,1,-13.207,1,0.0302,0.153,0.00642,0.11,0.153,152.053,https://genius.com/Bjork-all-is-full-of-love-live-2001-lyrics
Pagan Poetry - Live,Voltaic,2009-06-23,42d5xVC6VWC5p03not3sYi,314493,0.479,0.306,1,-13.711,0,0.0284,0.245,2.17e-06,0.067,0.149,131.939,https://genius.com/Bjork-pagan-poetry-live-2007-lyrics
Vertebrae By Vertebrae - Live,Voltaic,2009-06-23,0bVIZXsO2MOIOwCJS2s3q5,308520,0.439,0.525,7,-11.988,1,0.062,0.39,0.000429,0.108,0.107,106.232,https://genius.com/Bjork-vertebr-by-vertebr-live-2007-lyrics
Declare Independence - Live,Voltaic,2009-06-23,1djhyuh04uqWOucOAKFlxW,258280,0.452,0.816,10,-10.043,0,0.0625,0.00753,0.415,0.0758,0.072,149.059,https://genius.com/Bjork-declare-independence-live-2007-lyrics
Earth Intruders - Xxxchange Remix,Voltaic,2009-06-23,3N6TuoP70x0wL8L6Ypb0KE,277906,0.732,0.747,7,-7.775,1,0.212,0.0258,2.43e-06,0.245,0.684,114.056,https://genius.com/Bjork-earth-intruders-xxxchange-remix-lyrics
Innocence - Simian Mobile Disco Remix,Voltaic,2009-06-23,67akRf93bo4e27WohfdWKo,466720,0.709,0.705,2,-10.222,1,0.0579,0.001,0.844,0.109,0.158,119.99,https://genius.com/Bjork-innocence-simian-mobile-disco-remix-lyrics
Declare Independence - Matthew Herbert 12'',Voltaic,2009-06-23,2b6vk01R747wFmdnCFIx90,325773,0.379,0.358,1,-12.938,1,0.405,0.0559,0.143,0.336,0.402,89.855,Lyrics not found
Wanderlust - Ratatat Remix,Voltaic,2009-06-23,6OTqXAOccAKVIv0ZrNGphV,325933,0.517,0.732,1,-7.576,0,0.248,0.347,0.0129,0.0817,0.445,129.792,https://genius.com/Bjork-wanderlust-ratatat-remix-lyrics
Dull Flame Of Desire - Modeselektor Remix For Girls,Voltaic,2009-06-23,2G965QqSY6CicB65ce7ej3,378626,0.49,0.508,0,-11.125,1,0.0727,0.00204,0.24,0.088,0.378,129.958,https://genius.com/Bjork-the-dull-flame-of-desire-modeselektors-remix-for-girls-lyrics
Earth Intruders - Lexx Remix,Voltaic,2009-06-23,5MbvuBBg3DgYOKmUMYIFVI,401346,0.641,0.483,11,-11.832,0,0.193,0.0882,0.368,0.0743,0.262,125.032,Lyrics not found
Innocence - Graeme Sinden Remix,Voltaic,2009-06-23,5MfTIQOdBOB4jFEMcIwpuA,272360,0.842,0.799,7,-8.37,1,0.121,0.000556,0.831,0.0368,0.871,134.998,https://genius.com/Bjork-innocence-graeme-sinden-remix-lyrics
"Declare Independence - Ghostigital In Deep End Dance Remix 12""",Voltaic,2009-06-23,70gBkbZYFTc188UwqkP4tA,173786,0.294,0.971,1,-5.371,1,0.716,0.131,3.89e-06,0.326,0.323,183.952,https://genius.com/Bjork-declare-independence-ghostigital-in-deep-end-dance-remix-12-lyrics
Dull Flame Of Desire - Modeselektor Remix For Boys,Voltaic,2009-06-23,10SMlPugXOkeOXCJMgk4q3,324493,0.737,0.346,7,-11.478,1,0.0377,0.00182,0.0317,0.11,0.215,139.998,Lyrics not found
Innocence - Alva Noto Unitxt Remix,Voltaic,2009-06-23,2Fhj3nBltxfrKj5QiJwlfk,375640,0.817,0.455,6,-9.724,0,0.329,0.0377,5.08e-05,0.826,0.201,119.972,https://genius.com/Bjork-innocence-alva-noto-unitxt-remix-lyrics
Declare Independence - Black Pus Remix,Voltaic,2009-06-23,4V6KBPEGetA6k5RMbvYJqL,527386,0.478,0.96,10,-7.365,0,0.168,0.237,0.826,0.105,0.0341,149.616,Lyrics not found
Innocence - Simian Mobile Disco Dub Remix,Voltaic,2009-06-23,6YlAOSHSJ7HSums8BrIu7w,466293,0.73,0.652,6,-11.688,0,0.0693,0.000704,0.886,0.11,0.0515,119.988,Lyrics not found
Earth Intruders,Volta,2007-05-01,73ZKyaocTTQMfUfHaUTl7n,373853,0.621,0.948,1,-7.868,1,0.266,0.418,0.00258,0.376,0.172,109.03,https://genius.com/Bjork-earth-intruders-lyrics
Wanderlust,Volta,2007-05-01,6IhJzTzeoY4Cddxhfs1998,351013,0.513,0.832,6,-7.29,1,0.075,0.537,3.45e-05,0.106,0.161,130.106,https://genius.com/Bjork-wanderlust-lyrics
The Dull Flame Of Desire,Volta,2007-05-01,3OCU4XGKXnm9yShD3P76mr,450200,0.538,0.529,2,-10.134,0,0.0748,0.79,2.03e-05,0.114,0.218,130.091,https://genius.com/Bjork-the-dull-flame-of-desire-lyrics
Innocence,Volta,2007-05-01,0iueeiLctiCvX29YzRazhX,267040,0.431,0.688,6,-6.1,0,0.375,0.56,0,0.0805,0.43,86.967,https://genius.com/Bjork-innocence-lyrics
I See Who You Are,Volta,2007-05-01,19wL8qWYoIMrJfz8NB2to0,262105,0.355,0.235,0,-11.316,0,0.0319,0.723,0.000862,0.599,0.135,103.92,https://genius.com/Bjork-i-see-who-you-are-lyrics
Vertebrae By Vertebrae,Volta,2007-05-01,2fjRx1xSG9XGyVvtBcUPHC,308213,0.514,0.576,4,-9.288,0,0.0456,0.543,0.000273,0.435,0.142,106.038,https://genius.com/Bjork-vertebr-by-vertebr-lyrics
Pneumonia,Volta,2007-05-01,73I9QgOj8fWYDCgTtOXYl5,314146,0.178,0.109,0,-15.328,1,0.0354,0.988,0.00139,0.437,0.0317,92.967,https://genius.com/Bjork-pneumonia-lyrics
Hope,Volta,2007-05-01,5xX6QOoEQd1HKQqA1zoJIW,242866,0.534,0.657,2,-11.717,1,0.104,0.147,0.137,0.369,0.199,193.821,https://genius.com/Bjork-hope-lyrics
Declare Independence,Volta,2007-05-01,2ggYtCBapu8Oo6UyECsvsG,253453,0.533,0.973,1,-5.38,1,0.169,0.156,0.0306,0.173,0.0407,148.901,https://genius.com/Bjork-declare-independence-lyrics
My Juvenile,Volta,2007-05-01,3lxKjS886UvaslrvDkCESQ,253546,0.448,0.178,9,-12.96,0,0.0417,0.946,0,0.119,0.364,126.686,https://genius.com/Bjork-my-juvenile-lyrics
Gratitude,Drawing Restraint 9,2005-07-25,3tBiSZ8OZhLh20WQZuqi0O,299800,0.342,0.235,5,-16.195,1,0.0555,0.788,0,0.108,0.404,77.191,https://genius.com/Bjork-gratitude-lyrics
Pearl,Drawing Restraint 9,2005-07-25,2rVum3B7t8Q8D8DNWyEdVw,222933,0.244,0.127,6,-22.405,0,0.0617,0.688,0.0229,0.153,0.12,86.908,https://genius.com/Bjork-pearl-lyrics
Ambergris March,Drawing Restraint 9,2005-07-25,46T2FKNRKwPiMlU9t0j6cZ,237026,0.643,0.659,5,-14.698,0,0.0271,0.0151,0.0304,0.15,0.392,109.99,https://genius.com/Bjork-ambergris-march-lyrics
Bath,Drawing Restraint 9,2005-07-25,1DzYj1iaBZ4OMwUoSIsEVx,307093,0.209,0.117,5,-21.741,1,0.0377,0.906,0.00063,0.113,0.0393,79.703,https://genius.com/Bjork-bath-lyrics
Hunter Vessel,Drawing Restraint 9,2005-07-25,7K5cVF2WGsrHxQ9OvZs66n,396453,0.366,0.0986,7,-15.498,1,0.0371,0.983,0.966,0.0618,0.0349,102.069,https://genius.com/Bjork-hunter-vessel-lyrics
Shimenawa,Drawing Restraint 9,2005-07-25,06e4QF5UO5qwkedilD9yNE,168066,0.156,0.000307,6,-28.206,0,0.0387,0.875,0.922,0.204,0.142,131.796,https://genius.com/Bjork-shimenawa-lyrics
Vessel Shimenawa,Drawing Restraint 9,2005-07-25,0gLYYIBM2H1Qqpm3pRxlAE,114600,0.299,0.00628,11,-19.398,0,0.0381,0.985,0.919,0.11,0.0703,169.875,https://genius.com/Bjork-vessel-shimenawa-lyrics
Storm,Drawing Restraint 9,2005-07-25,0uGCc37bi9nvI3dAoWcAqU,332013,0.112,0.483,1,-10.136,0,0.0562,0.659,0.00518,0.163,0.0569,179.438,https://genius.com/Bjork-storm-lyrics
Holographic Entrypoint,Drawing Restraint 9,2005-07-25,40xwtoDgK1p8OUS5yX0Qkf,597466,0.335,0.125,7,-18.231,1,0.256,0.941,0,0.13,0.13,83.64,https://genius.com/Bjork-holographic-entrypoint-lyrics
Cetacea,Drawing Restraint 9,2005-07-25,5aoINhlAduWNLnu6haFN9b,192893,0.233,0.197,10,-16.169,1,0.0437,0.879,0.00486,0.24,0.0738,54.941,https://genius.com/Bjork-cetacea-lyrics
Antartic Return,Drawing Restraint 9,2005-07-25,3TtSP4tKb84A2QQkOnhXtX,258186,0.213,0.00668,9,-26.182,1,0.0403,0.835,0.809,0.196,0.0375,67.238,https://genius.com/Bjork-antarctic-return-lyrics
Pleasure Is All Mine,Medúlla,2004-08-31,7zLWUQ4gNwDr8FNTtzSizo,206773,0.164,0.308,5,-13.693,0,0.0335,0.918,0.00107,0.074,0.0367,92.215,https://genius.com/Bjork-pleasure-is-all-mine-lyrics
Show Me Forgiveness,Medúlla,2004-08-31,09b3awFKYpX8AHUYaF04ty,83826,0.486,0.0256,7,-19.634,1,0.0382,0.907,0,0.206,0.538,81.916,https://genius.com/Bjork-show-me-forgiveness-lyrics
Where Is The Line,Medúlla,2004-08-31,1GzjQRlfenhwXikSzP8BMw,281200,0.414,0.692,2,-9.472,1,0.185,0.571,0.0087,0.18,0.258,80.048,https://genius.com/Bjork-where-is-the-line-lyrics
Vokuro,Medúlla,2004-08-31,6Es2GbFbYM4u7sJQW2wyte,194040,0.335,0.0841,11,-15.834,0,0.0329,0.956,0,0.103,0.195,84.953,https://genius.com/Bjork-vokuro-lyrics
Oll Birtan,Medúlla,2004-08-31,2SlWS1QZzteWJb1Q517L14,112080,0.471,0.0839,7,-12.634,1,0.0441,0.892,0,0.341,0.562,82.352,https://genius.com/Bjork-oll-birtan-lyrics
"Who Is It (Carry My Joy On The Left, Carry My Pain On The Right)",Medúlla,2004-08-31,7nG7rmmtnAliibLwklkLkb,237346,0.532,0.734,8,-7.412,1,0.28,0.226,2.27e-05,0.256,0.119,92.391,https://genius.com/Bjork-who-is-it-carry-my-joy-on-the-left-carry-my-pain-on-the-right-lyrics
Submarine,Medúlla,2004-08-31,7hnQ4COiojjyXuoFCAjQGi,193653,0.196,0.148,10,-13.451,1,0.033,0.918,5.16e-06,0.113,0.0365,147.125,https://genius.com/Bjork-submarine-lyrics
Desired Constellation,Medúlla,2004-08-31,49ZUpa1AG8OCFic4Q63L4s,295533,0.351,0.0859,8,-16.947,0,0.0357,0.849,0.000102,0.105,0.117,109.782,https://genius.com/Bjork-desired-constellation-lyrics
Oceania,Medúlla,2004-08-31,7rE0T7wX1omYDAj2LU7f1z,204853,0.408,0.596,5,-8.365,0,0.167,0.474,0,0.238,0.485,199.931,https://genius.com/Bjork-oceania-lyrics
Sonnets / Unrealities XI,Medúlla,2004-08-31,5xx8T56isKymJDeIgKNmS6,119560,0.385,0.0951,7,-13.878,1,0.0593,0.838,0,0.225,0.338,78.13,https://genius.com/Bjork-sonnets-unrealities-xi-lyrics
Ancestors,Medúlla,2004-08-31,0iYBf6iOkcMrep6WZiVaC0,248346,0.283,0.255,9,-13.29,0,0.0358,0.955,0.000429,0.311,0.0842,111.076,https://genius.com/Bjork-ancestors-lyrics
Mouths Cradle,Medúlla,2004-08-31,2cyoqhQXL8HdbAydLtpUxZ,239826,0.356,0.531,1,-8.993,1,0.0483,0.678,4.23e-05,0.161,0.357,79.918,https://genius.com/Bjork-mouths-cradle-lyrics
Midvikudags,Medúlla,2004-08-31,0WFuM3mdcg96HpIunFnl62,84693,0.191,0.411,2,-11.115,1,0.038,0.887,0.00102,0.0843,0.223,87.22,https://genius.com/Bjork-mivikudags-lyrics
Triumph Of A Heart,Medúlla,2004-08-31,2xMjSaJTUcwlv6lKQGTb5g,244213,0.733,0.9,11,-7.011,0,0.101,0.503,0.000893,0.16,0.598,120.011,https://genius.com/Bjork-triumph-of-a-heart-lyrics
Frosti - Live,Vespertine (Live),2003-08-18,6c9ZCRQLY5v1pBT24YaEop,83586,0.296,0.408,9,-21.213,1,0.033,0.382,0.966,0.667,0.591,140.071,https://genius.com/Bjork-frosti-live-2001-lyrics
Overture - Live,Vespertine (Live),2003-08-18,3LDcCEDzZIPAEjA7V4RbVm,216200,0.062,0.0565,3,-16.061,1,0.0441,0.982,0.905,0.73,0.0381,71.385,https://genius.com/Bjork-overture-live-2001-lyrics
All Is Full Of Love - Live,Vespertine (Live),2003-08-18,1frwaNf3QD9W9Q5apfo1Qg,244586,0.345,0.461,6,-10.678,1,0.0349,0.277,0.0204,0.676,0.108,152.022,https://genius.com/Bjork-all-is-full-of-love-live-2001-lyrics
Cocoon - Live,Vespertine (Live),2003-08-18,4Kl0Z7o4e3gPnlx2NTJwxb,271546,0.496,0.195,9,-18.066,1,0.0406,0.738,0.00378,0.709,0.0676,128.259,https://genius.com/Bjork-cocoon-live-2001-lyrics
Aurora - Live,Vespertine (Live),2003-08-18,0oaK6YhUUpmYIGtOmWX4LC,224186,0.528,0.562,9,-12.908,0,0.109,0.487,0.00224,0.936,0.276,119.949,https://genius.com/Bjork-aurora-live-2001-lyrics
Undo - Live,Vespertine (Live),2003-08-18,4L3aXPkmdTXf4evlcwYwdN,348706,0.303,0.38,2,-13.689,0,0.0412,0.805,0.13,0.7,0.04,116.069,https://genius.com/Bjork-undo-live-2015-lyrics
Unravel - Live,Vespertine (Live),2003-08-18,2aITn3wWHIzEAgXK4GfIHR,218120,0.234,0.154,7,-17.791,1,0.0336,0.75,0.000412,0.706,0.0646,85.232,https://genius.com/Bjork-unravel-live-2001-lyrics
I've Seen It All - Live,Vespertine (Live),2003-08-18,6jua0zhxMM1STKGqvZIYfm,317800,0.31,0.462,11,-14.465,0,0.142,0.645,0.0124,0.804,0.394,147.88,https://genius.com/Bjork-ive-seen-it-all-live-2001-lyrics
An Echo A Stain - Live,Vespertine (Live),2003-08-18,7AGi7vQDpiU7GW0uMvtZRt,275773,0.304,0.438,2,-15.717,1,0.109,0.759,0.173,0.732,0.0919,126.583,https://genius.com/Bjork-an-echo-a-stain-live-2001-lyrics
Generous Palmstroke - Live,Vespertine (Live),2003-08-18,2MvFCkfKNmoqvqvkVsenO1,248720,0.456,0.151,5,-16.637,0,0.0398,0.809,0.00357,0.723,0.128,102.254,https://genius.com/Bjork-generous-palmstroke-live-2001-lyrics
Hidden Place - Live,Vespertine (Live),2003-08-18,5MhGJDs5LmN94zBv6lyak1,337133,0.413,0.71,9,-8.978,0,0.0999,0.283,0.00321,0.72,0.232,150.015,https://genius.com/Bjork-hidden-place-live-2001-lyrics
Pagan Poetry - Live,Vespertine (Live),2003-08-18,0KOBWVhyuEihhy8WPROMfd,330480,0.6,0.488,1,-11.308,0,0.0402,0.274,4.36e-06,0.978,0.183,131.89,https://genius.com/Bjork-pagan-poetry-live-2007-lyrics
Harm Of Will - Live,Vespertine (Live),2003-08-18,7pO4PMUbjBXDFxqfH5kamh,271426,0.236,0.189,1,-15.335,1,0.0333,0.962,0.0163,0.672,0.0377,84.61,https://genius.com/Bjork-harm-of-will-live-2001-lyrics
It's Not Up To You - Live,Vespertine (Live),2003-08-18,28AgPPkhMcSKFfPQ5uD8ab,324026,0.523,0.614,6,-12.623,0,0.143,0.425,0.00036,0.972,0.332,79.933,https://genius.com/Bjork-its-not-up-to-you-live-2001-lyrics
Unison - Live,Vespertine (Live),2003-08-18,4cb3WJSuUEaYzBJXjqxlVo,382533,0.419,0.468,5,-14.185,1,0.0534,0.678,0.507,0.828,0.339,73.98,https://genius.com/Bjork-unison-live-2001-lyrics
It's In Our Hands - Live,Vespertine (Live),2003-08-18,3ccIeWAZAWbgDQIOGLJ6te,387480,0.445,0.796,2,-15.261,0,0.465,0.266,0.308,0.958,0.134,88.028,https://genius.com/Bjork-its-in-our-hands-live-2001-lyrics
Headphones - Live,Post (Live),2003-08-18,5rPMcG699BWncdF4DMD3F8,178946,0.402,0.492,4,-11.805,1,0.0779,0.142,0.2,0.907,0.268,96.939,https://genius.com/Bjork-headphones-live-on-february-27th-1997-lyrics
Army Of Me - Live,Post (Live),2003-08-18,7GYERydhPtQsu80LsxjPyF,244466,0.551,0.98,1,-2.6,1,0.0723,0.0325,0.0558,0.99,0.365,85.957,https://genius.com/Bjork-army-of-me-live-2007-lyrics
One Day - Live,Post (Live),2003-08-18,7Lt5Ugd14ke0Q9JF8cZr00,217000,0.372,0.63,5,-10.801,0,0.0301,0.986,0.317,0.208,0.706,111.767,https://genius.com/Bjork-one-day-live-2013-lyrics
The Modern Things - Live,Post (Live),2003-08-18,3qvLbE6RAUhiBgW1RwvBHo,232360,0.315,0.773,7,-5.67,0,0.0474,0.281,0.0315,0.872,0.434,99.772,https://genius.com/Bjork-the-modern-things-live-on-february-27th-1997-lyrics
Isobel - Live,Post (Live),2003-08-18,4WJtPwuIOqrB4wQy94iLyB,327880,0.593,0.885,6,-6.41,0,0.0486,0.00194,0.356,0.939,0.493,99.875,https://genius.com/Bjork-isobel-live-2013-lyrics
Possibly Maybe - Live,Post (Live),2003-08-18,6TGYhiXuiLGQEkGOsxPgKH,322080,0.551,0.366,11,-10.232,1,0.0498,0.49,4.17e-06,0.813,0.159,111.965,https://genius.com/Bjork-possibly-maybe-live-lyrics
Hyperballad - Live,Post (Live),2003-08-18,1CGcjFiuBkIyM7te58lgJt,305586,0.45,0.69,5,-8.739,0,0.0436,0.00139,0.000786,0.977,0.0347,134.963,https://genius.com/Bjork-hyperballad-live-on-june-25th-2008-lyrics
I Go Humble - Live,Post (Live),2003-08-18,0S4QTahRd6P9XJFCq9oLoT,243453,0.702,0.791,11,-7.214,0,0.0902,0.33,0.00686,0.823,0.663,104.935,https://genius.com/Bjork-i-go-humble-live-on-june-14th-1998-lyrics
Big Time Sensuality - Live,Post (Live),2003-08-18,46Kyw1emetuvuInLYsdDZg,293440,0.577,0.709,1,-6.407,0,0.0383,0.0343,0.00477,0.779,0.339,159.941,https://genius.com/Bjork-big-time-sensuality-live-on-november-7th-1994-lyrics
Enjoy - Live,Post (Live),2003-08-18,6dkC6hC67O6FQ5B7ZLULNT,219506,0.402,0.531,1,-10.71,1,0.107,0.789,0.0235,0.387,0.118,167.884,https://genius.com/Bjork-enjoy-live-on-february-27th-1997-lyrics
I Miss You - Live,Post (Live),2003-08-18,6nf6jywdxj34EkqE9sYOuF,236880,0.675,0.822,0,-8.09,1,0.0496,0.0109,0.0519,0.155,0.0854,121.042,https://genius.com/Bjork-i-miss-you-live-2007-lyrics
It's Oh So Quiet - Live,Post (Live),2003-08-18,0n8Mw6avpu2vGmvYAtnqpp,232173,0.395,0.194,3,-15.636,1,0.0572,0.575,0,0.978,0.396,102.863,https://genius.com/Bjork-its-oh-so-quiet-live-on-decemeber-14th-1996-lyrics
The Anchor Song - Live,Post (Live),2003-08-18,5Sqv2O5FBp0orN3EcmQ69C,191546,0.318,0.223,0,-11.891,1,0.0487,0.945,0.000282,0.888,0.157,70.706,https://genius.com/Bjork-the-anchor-song-live-2021-lyrics
Vísur Vatnsenda Rósu - Live,Homogenic (Live),2003-08-18,2Py2BB8ljdbQX6Zbg6NEsv,112146,0.0958,0.249,2,-14.808,1,0.0411,0.986,0.953,0.431,0.0516,87.835,https://genius.com/Bjork-visur-vatnsenda-rosu-live-on-december-2nd-1998-lyrics
Hunter - Live,Homogenic (Live),2003-08-18,4Y59zq249DyJkECUUaWYoe,257786,0.249,0.828,2,-9.236,1,0.361,0.403,0.369,0.153,0.328,80.066,https://genius.com/Bjork-hunter-live-2007-lyrics
You've Been Flirting Again - Live,Homogenic (Live),2003-08-18,7bdQ9B0Ac3589jEelvSQcb,214866,0.182,0.224,5,-15.66,1,0.0385,0.982,0.822,0.397,0.0392,83.77,https://genius.com/Bjork-youve-been-flirting-again-live-1998-in-london-lyrics
Isobel - Live,Homogenic (Live),2003-08-18,6LOQQpqLHMCBkVnLDBasYi,295746,0.521,0.731,9,-9.432,1,0.0318,0.00633,0.0699,0.716,0.556,100.043,https://genius.com/Bjork-isobel-live-2013-lyrics
All Neon Like - Live,Homogenic (Live),2003-08-18,3Iy9MTvPsvkLDDECXxF5JK,296026,0.19,0.719,1,-8.159,1,0.0566,0.689,0.000871,0.659,0.133,151.914,https://genius.com/Bjork-all-neon-like-live-2015-lyrics
Possibly Maybe - Live,Homogenic (Live),2003-08-18,0V5TcsHtin9ACqcEGTikp5,343493,0.484,0.368,11,-11.336,1,0.0327,0.878,0.000558,0.952,0.18,112.014,https://genius.com/Bjork-possibly-maybe-live-lyrics
5 Years - Live,Homogenic (Live),2003-08-18,3HUvyOx2WtMwKe9DVGi23M,249600,0.488,0.825,10,-7.269,1,0.0756,0.243,0.25,0.725,0.509,84.085,https://genius.com/Bjork-5-years-live-on-september-17th-1997-lyrics
Come To Me - Live,Homogenic (Live),2003-08-18,0RU0wvvLr4tEG2UDo8r8yQ,260306,0.324,0.583,5,-10.332,1,0.0649,0.262,0.192,0.864,0.322,174.193,https://genius.com/Bjork-come-to-me-live-2015-lyrics
Immature - Live,Homogenic (Live),2003-08-18,4VwQ5JwSvqgYyGf4AGg5HQ,179866,0.497,0.646,2,-10.448,1,0.0508,0.0517,0.0488,0.683,0.189,92.856,https://genius.com/Bjork-immature-live-on-june-4th-1998-lyrics
I Go Humble - Live,Homogenic (Live),2003-08-18,3NI1Cgezfn5bUvopap46OX,264373,0.659,0.772,2,-8.452,1,0.073,0.141,0.000578,0.839,0.605,105.06,https://genius.com/Bjork-i-go-humble-live-on-june-14th-1998-lyrics
Bachelorette - Live,Homogenic (Live),2003-08-18,5PhZleU35Rki1hpGmnjbJc,317213,0.421,0.715,5,-7.526,0,0.0296,0.115,0.00126,0.993,0.408,98.03,https://genius.com/Bjork-bachelorette-live-on-november-29th-1997-lyrics
Human Behaviour - Live,Homogenic (Live),2003-08-18,6uesJXN4LT2E4v0rnE9Ok4,232360,0.707,0.802,5,-7.271,1,0.0512,0.0598,0.000303,0.731,0.438,109.067,https://genius.com/Bjork-human-behaviour-live-2021-lyrics
Pluto - Live,Homogenic (Live),2003-08-18,4FBt0b8WfcMS59RIK9xDvS,235613,0.428,0.837,2,-7.662,0,0.221,0.0807,0.604,0.971,0.251,147.925,https://genius.com/Bjork-pluto-live-on-june-13th-1998-lyrics
Jóga - Live,Homogenic (Live),2003-08-18,4vC5UmLNMQ4lozBD6tRkdN,265120,0.268,0.325,4,-9.148,1,0.0375,0.925,3.2e-05,0.676,0.244,81.587,https://genius.com/Bjork-joga-live-encore-lyrics
So Broken - Live,Homogenic (Live),2003-08-18,4XYHcfAaPepHxm60sQ9lqK,267146,0.474,0.293,7,-12.838,0,0.0751,0.85,0.0002,0.795,0.398,96.09,https://genius.com/Bjork-so-broken-live-on-october-16th-1998-lyrics
Anchor Song - Live,Homogenic (Live),2003-08-18,0k03eM3tV9lGcWGMveAanG,353480,0.203,0.398,0,-14.941,1,0.0741,0.962,0.0315,0.843,0.329,100.04,https://genius.com/Bjork-the-anchor-song-live-2021-lyrics
Human Behaviour - Live,Debut (Live),2003-08-18,1Sav8A5IoJu6DJ1O3bEKIa,248626,0.549,0.722,2,-8.41,0,0.248,0.74,0,0.709,0.559,117.254,https://genius.com/Bjork-human-behaviour-live-2021-lyrics
One Day - Live,Debut (Live),2003-08-18,6zhWMCUATJjq2WBNtCoBuy,369133,0.625,0.469,3,-16.428,0,0.0498,0.863,0.798,0.977,0.678,105.012,https://genius.com/Bjork-one-day-live-2013-lyrics
Venus As A Boy - Live,Debut (Live),2003-08-18,1fHYLY5UgAkmqB9VL49SUA,152866,0.342,0.407,0,-14.383,1,0.161,0.894,0,0.954,0.658,168.831,https://genius.com/Bjork-venus-as-a-boy-live-2007-in-glastonbury-lyrics
Come To Me - Live,Debut (Live),2003-08-18,2H8zkOxQPZg6h2WZnEhq8u,224666,0.558,0.324,5,-14.159,1,0.0566,0.846,0.222,0.701,0.318,93.715,https://genius.com/Bjork-come-to-me-live-2015-lyrics
Big Time Sensuality - Live,Debut (Live),2003-08-18,3uBx8HMIxzRuSGiioEvHY9,307560,0.617,0.402,4,-11.885,1,0.103,0.751,0.000793,0.962,0.625,147.879,https://genius.com/Bjork-big-time-sensuality-live-on-november-7th-1994-lyrics
Aeroplane - Live,Debut (Live),2003-08-18,5F3H6nGGYlzyquXb7i26Jh,243493,0.573,0.315,4,-12.438,0,0.061,0.886,0.0466,0.844,0.0891,103.791,https://genius.com/Bjork-aeroplane-live-2021-lyrics
Like Someone In Love - Live,Debut (Live),2003-08-18,6xWxCLA5jq1eihbyRhll8S,241306,0.37,0.306,7,-14.419,1,0.129,0.977,0.000913,0.96,0.232,55.243,https://genius.com/Bjork-like-someone-in-love-live-on-november-7th-1994-lyrics
Crying - Live,Debut (Live),2003-08-18,4cISk0YP9gtNCAm377b6X0,250866,0.652,0.702,2,-10.331,1,0.0727,0.0196,0.00982,0.325,0.324,131.742,https://genius.com/Bjork-crying-live-on-november-7th-1994-lyrics
The Anchor Song - Live,Debut (Live),2003-08-18,4DQaqTkX1q2k073jivNb8L,205373,0.546,0.345,0,-9.984,1,0.459,0.901,0,0.967,0.833,125.358,https://genius.com/Bjork-the-anchor-song-live-2021-lyrics
Violently Happy - Live,Debut (Live),2003-08-18,34oF73ucjjDO62wGSPySI3,344426,0.491,0.758,0,-12.694,1,0.125,0.214,0.0299,0.98,0.163,134.486,https://genius.com/Bjork-violently-happy-live-lyrics
Sídasta Ég,Family Tree,2002-11-04,3NZs4uqY1LAOpbGg1EvMGO,178693,0.46,0.39,2,-8.301,1,0.0268,0.679,0.00141,0.105,0.101,154.564,https://genius.com/Bjork-the-circumstances-that-lead-to-an-all-vocal-album-interview-annotated
Glóra,Family Tree,2002-11-04,2D2mmPJFJcBurJ3jws9xEu,103053,0.318,0.107,2,-16.539,1,0.052,0.995,0.0824,0.0882,0.226,76.91,https://genius.com/Bjork-glora-lyrics
Fuglar,Family Tree,2002-11-04,0ipPXQR4xUk7ozZKA7MB2P,181920,0.533,0.563,4,-9.715,0,0.0465,0.0297,0.645,0.118,0.271,126.091,Lyrics not found
Ammæli,Family Tree,2002-11-04,4azXmklKohTy5TIZkLUxZg,237560,0.489,0.519,0,-9.948,1,0.0284,0.0764,0.00434,0.14,0.228,91.696,Lyrics not found
Mama,Family Tree,2002-11-04,2abw3f812FsJLnZWY5JHUy,177373,0.442,0.736,3,-7.139,1,0.0413,0.036,0.000547,0.219,0.571,174.307,https://genius.com/Bjork-bukolla-lyrics
Immature - Björk's Version,Family Tree,2002-11-04,2QFmn2U0FMxwTO837Tmuzv,171840,0.309,0.0623,1,-15.855,0,0.0317,0.94,0,0.107,0.315,91.331,https://genius.com/Bjork-immature-bjorks-version-lyrics
Cover Me,Family Tree,2002-11-04,2LuchX0eGhDdD2yBE0pVHu,185413,0.232,0.0703,4,-22.16,0,0.0383,0.961,0.339,0.0847,0.0378,114.358,https://genius.com/Bjork-cover-me-lyrics
Generous Palmstroke - Live,Family Tree,2002-11-04,0yVF4Z9jHCH8DbpefD5q5P,280533,0.442,0.308,5,-15.39,0,0.0641,0.699,0.00235,0.979,0.213,102.36,https://genius.com/Bjork-generous-palmstroke-live-2001-lyrics
Jóga (Strings & Vocals),Family Tree,2002-11-04,2xhPFDZ34dBVQb6ypjC5sX,280266,0.242,0.258,4,-11.329,1,0.0326,0.845,0,0.113,0.295,75.528,https://genius.com/Bjork-joga-string-and-vocal-mix-lyrics
Mother Heroic,Family Tree,2002-11-04,5BEvBjfdzV40B6DqjklVZm,163986,0.315,0.0893,6,-14.422,0,0.0349,0.979,0.0143,0.0772,0.264,167.644,https://genius.com/Bjork-mother-heroic-lyrics
The Modern Things - Original Demo,Family Tree,2002-11-04,46hPOERFfxeCRsHpOYiyGP,249733,0.552,0.586,10,-7.641,1,0.0277,0.42,0.0216,0.113,0.234,100.831,Lyrics not found
Karvel,Family Tree,2002-11-04,3EGHPMqThXOsmfjupTaz72,268493,0.67,0.884,5,-6.513,0,0.0511,0.00586,0.114,0.377,0.305,133.025,https://genius.com/Bjork-karvel-lyrics
I Go Humble,Family Tree,2002-11-04,6ZFL4BVfffzTLr90l7iehN,286000,0.718,0.54,2,-14.628,1,0.0508,0.167,0.235,0.0984,0.557,105.006,https://genius.com/Bjork-i-go-humble-lyrics
Nature Is Ancient,Family Tree,2002-11-04,4LdTrFkLXvAeLv3O9uVrZq,218866,0.483,0.739,8,-11.855,1,0.16,0.566,0.000573,0.101,0.514,99.917,https://genius.com/Bjork-nature-is-ancient-my-snare-lyrics
Unravel,Family Tree,2002-11-04,5lGuk7DkZjagabSpp9oinw,216613,0.285,0.102,7,-17.079,1,0.0409,0.784,0,0.52,0.155,110.815,https://genius.com/Bjork-unravel-lyrics
Cover Me,Family Tree,2002-11-04,4xZwtbONooLkDv8mYGvIVS,169520,0.268,0.147,9,-23.646,0,0.106,0.831,0.00357,0.115,0.168,81.914,https://genius.com/Bjork-cover-me-lyrics
Possibly Maybe,Family Tree,2002-11-04,2g5bzOevWd7eypzEzPxfWZ,293333,0.344,0.0618,0,-17.922,1,0.0419,0.791,0,0.286,0.137,126.694,https://genius.com/Bjork-possibly-maybe-lyrics
The Anchor Song,Family Tree,2002-11-04,6VBi73bA5dszT8UHJqDQkf,222920,0.184,0.0403,0,-23.262,1,0.0455,0.927,3.57e-05,0.359,0.112,168.336,https://genius.com/Bjork-the-anchor-song-lyrics
Hunter,Family Tree,2002-11-04,7p7HAsfooGFj7OGOSgkzgB,271773,0.218,0.164,0,-19.372,0,0.0391,0.713,0.000626,0.28,0.0916,81.979,https://genius.com/Bjork-hunter-lyrics
All Neon Like,Family Tree,2002-11-04,0mPmQtfGhpjcbiTC0UUmiN,305666,0.27,0.0269,2,-20.27,0,0.0407,0.904,1.69e-05,0.12,0.0966,114.763,https://genius.com/Bjork-all-neon-like-lyrics
I've Seen It All,Family Tree,2002-11-04,33qnyGQ7mEsJoo2yk5Zaoc,357453,0.304,0.142,2,-18.895,1,0.0365,0.7,3.31e-05,0.0608,0.184,131.15,https://genius.com/Bjork-ive-seen-it-all-lyrics
Bachelorette,Family Tree,2002-11-04,3SjlJYoGS6hiSbqk0wimBL,307320,0.31,0.182,8,-12.779,1,0.0339,0.897,1.69e-05,0.144,0.259,114.318,https://genius.com/Bjork-bachelorette-lyrics
Play Dead,Family Tree,2002-11-04,4OZBLxPAwvyqV6R9Mft2V5,207360,0.305,0.276,0,-11.886,0,0.0316,0.758,0.000119,0.168,0.308,94.643,https://genius.com/Bjork-play-dead-lyrics
Venus As A Boy,Family Tree,2002-11-04,5uE7AomFGmQsjEIcyHYErn,282560,0.617,0.402,1,-11.749,1,0.0341,0.0301,0.0043,0.07,0.829,136.232,https://genius.com/Bjork-venus-as-a-boy-lyrics
Hyperballad,Family Tree,2002-11-04,3R0aJFQd9tfcCfn7Lx0B3v,323533,0.518,0.467,7,-11.614,0,0.0324,0.0177,0.0018,0.367,0.0352,134.904,https://genius.com/Bjork-hyper-ballad-lyrics
You've Been Flirting Again,Family Tree,2002-11-04,187Swv1MPNlAmQES6GR9Dc,149773,0.196,0.0472,2,-21.036,0,0.0404,0.948,0.000394,0.122,0.17,105.056,https://genius.com/Bjork-youve-been-flirting-again-lyrics
Isobel,Family Tree,2002-11-04,2ZGz5FpMqlPjZJ1H8fqlR0,348733,0.592,0.669,9,-7.926,1,0.0283,0.000913,0.638,0.104,0.174,99.998,https://genius.com/Bjork-isobel-lyrics
Jóga,Family Tree,2002-11-04,0FKJ4AJbK7BtVlYsPBR8C0,304533,0.223,0.704,4,-7.43,1,0.0525,0.419,0.000184,0.122,0.275,145.605,https://genius.com/Bjork-joga-lyrics
Unravel,Family Tree,2002-11-04,3eJpymExXw7EUpZj2ByxLY,201800,0.267,0.386,7,-9.81,1,0.0361,0.79,0,0.159,0.0546,122.913,https://genius.com/Bjork-unravel-lyrics
Bachelorette,Family Tree,2002-11-04,3WOg44URT47zTGhZh2m4XB,317640,0.454,0.875,0,-7.212,0,0.0647,0.0394,2.32e-06,0.0818,0.344,96.937,https://genius.com/Bjork-bachelorette-lyrics
All Is Full Of Love,Family Tree,2002-11-04,5nVoXq0Q239GpJIRG8n4rZ,286333,0.489,0.469,10,-10.184,0,0.0271,0.0528,0.081,0.0987,0.0365,151.96,https://genius.com/Bjork-all-is-full-of-love-lyrics
Scatterheart,Family Tree,2002-11-04,3l6HmeumHhUTaY5MneuVM9,399640,0.566,0.398,6,-9.696,0,0.0396,0.0656,0.0157,0.141,0.0399,98.901,https://genius.com/Bjork-scatterheart-lyrics
I've Seen It All,Family Tree,2002-11-04,4DXyc0dZSJex9pygvd9Qla,330546,0.239,0.555,11,-12.259,0,0.0774,0.231,0.00114,0.113,0.359,147.75,https://genius.com/Bjork-ive-seen-it-all-lyrics
Pagan Poetry,Family Tree,2002-11-04,0WP23JS6risEnagZ7tlvvM,314293,0.339,0.485,9,-7.318,1,0.032,0.526,4.22e-06,0.0821,0.138,132.069,https://genius.com/Bjork-pagan-poetry-lyrics
It's Not Up To You,Family Tree,2002-11-04,3AOUFOa7mYbAiE85gIpN6T,308960,0.576,0.438,1,-12.405,0,0.0575,0.581,0.000202,0.0591,0.315,79.928,https://genius.com/Bjork-its-not-up-to-you-lyrics
Hidden Place,Vespertine,2001-08-27,1Y4aFRwAwE5Ghm24vaYrnR,329360,0.491,0.788,9,-10.357,0,0.156,0.0503,0.00371,0.112,0.422,149.826,https://genius.com/Bjork-hidden-place-lyrics
Cocoon,Vespertine,2001-08-27,7CfR16ahj7mi6OwTZaPBri,268106,0.794,0.37,1,-14.897,1,0.0526,0.635,0.111,0.109,0.112,127.882,https://genius.com/Bjork-cocoon-lyrics
It's Not Up To You,Vespertine,2001-08-27,52LVnKB4Vs9XMi4rm4StNT,308960,0.561,0.438,6,-12.414,0,0.0574,0.586,0.000204,0.0588,0.312,79.928,https://genius.com/Bjork-its-not-up-to-you-lyrics
Undo,Vespertine,2001-08-27,4HuzulSsDeFqvq3e84ZIrI,338400,0.452,0.365,2,-11.891,0,0.035,0.78,0.00681,0.114,0.0549,115.8,https://genius.com/Bjork-undo-lyrics
Pagan Poetry,Vespertine,2001-08-27,2uMm657euPoE7Vgaukuupl,314866,0.521,0.459,1,-8.231,0,0.0295,0.505,7.91e-06,0.0868,0.179,132.022,https://genius.com/Bjork-pagan-poetry-lyrics
Frosti,Vespertine,2001-08-27,7kyQeUJ6g5GQNHUfV2f79v,101506,0.434,0.358,6,-12.814,1,0.0347,0.638,0.00555,0.305,0.154,147.896,https://genius.com/Bjork-frosti-lyrics
Aurora,Vespertine,2001-08-27,7ESAiaiNmtWh7bzqJpCGxU,279226,0.568,0.581,9,-8.319,0,0.0341,0.37,2.73e-05,0.0814,0.278,120.006,https://genius.com/Bjork-aurora-lyrics
An Echo A Stain,Vespertine,2001-08-27,6e2DqJ8wXuS3e5zuBPaHGL,244466,0.351,0.512,2,-13.353,1,0.0687,0.58,0.193,0.0858,0.0729,127.913,https://genius.com/Bjork-an-echo-a-stain-lyrics
Sun In My Mouth,Vespertine,2001-08-27,4mhuw0kAHPdZeidq1UIAQP,160200,0.254,0.281,10,-11.012,0,0.0286,0.746,1.33e-05,0.0786,0.163,89.722,https://genius.com/Bjork-sun-in-my-mouth-lyrics
Heirloom,Vespertine,2001-08-27,0XFWWQ2Csze69J9oIC88RS,312040,0.577,0.369,7,-11.618,0,0.0477,0.268,0.00549,0.0787,0.497,179.816,https://genius.com/Bjork-heirloom-lyrics
Harm Of Will,Vespertine,2001-08-27,1IPwLXziyeuNfp63Dz6ePj,276960,0.25,0.143,1,-16.228,1,0.0326,0.968,0.00531,0.086,0.0768,85.771,https://genius.com/Bjork-harm-of-will-lyrics
Unison,Vespertine,2001-08-27,7qaI6YnDKWOblDUwa6b5jQ,407600,0.52,0.51,5,-10.984,1,0.0465,0.38,0.0392,0.203,0.212,147.89,https://genius.com/Bjork-unison-lyrics
Overture,Selma Songs,2000-09-18,1ZtrcwCl1LTou5dSVA6DrR,218160,0.208,0.0244,3,-16.378,1,0.0392,0.992,0.949,0.107,0.0366,68.67,https://genius.com/Bjork-overture-lyrics
Cvalda,Selma Songs,2000-09-18,73GA00OCj55JIYjfZpNBcE,288173,0.498,0.931,4,-6.072,1,0.303,0.409,2.14e-05,0.365,0.128,109.618,https://genius.com/Bjork-cvalda-lyrics
I’ve Seen It All,Selma Songs,2000-09-18,47GoneztCss0TMaTQfl4Sv,329360,0.245,0.52,11,-11.816,0,0.0806,0.346,0.00204,0.123,0.369,147.934,https://genius.com/Bjork-ive-seen-it-all-lyrics
Scatterheart,Selma Songs,2000-09-18,4nWvSwbKxAGgeguzyXhn50,399640,0.458,0.397,6,-9.686,0,0.0406,0.0661,0.0128,0.141,0.0394,98.587,https://genius.com/Bjork-scatterheart-lyrics
In The Musicals,Selma Songs,2000-09-18,2547HE2dCybMnABwH5R7rJ,281333,0.519,0.855,0,-7.831,1,0.264,0.064,6.17e-05,0.369,0.501,139.728,https://genius.com/Bjork-in-the-musicals-lyrics
107 Steps,Selma Songs,2000-09-18,2wWRBCEZsHN3T8soSh6t1u,156066,0.282,0.623,10,-8.646,0,0.0633,0.773,0.0394,0.113,0.279,119.946,https://genius.com/Bjork-107-steps-lyrics
New World,Selma Songs,2000-09-18,2jUYg9usDopRe5GaicS8gn,261825,0.503,0.673,8,-8.774,1,0.0444,0.687,0.0314,0.111,0.245,145.927,https://genius.com/Bjork-new-world-lyrics
Hunter,Homogenic,1997-09-22,2nKm2PzPQ3PLOCSEHetFxz,255266,0.326,0.668,8,-10.359,1,0.088,0.152,0.0507,0.0863,0.171,79.765,https://genius.com/Bjork-hunter-lyrics
Jóga,Homogenic,1997-09-22,3nschTSboTkjPwgdbrRLyf,305360,0.305,0.696,1,-6.301,0,0.0598,0.402,7.21e-05,0.0741,0.222,146.456,https://genius.com/Bjork-joga-lyrics
Unravel,Homogenic,1997-09-22,6JrmglKffvzzCZCtMEdUtk,201800,0.186,0.385,7,-9.811,1,0.0332,0.789,0,0.157,0.0545,85.837,https://genius.com/Bjork-unravel-lyrics
Bachelorette,Homogenic,1997-09-22,6txguGr32i8SpgZ4KEKQQG,312666,0.442,0.911,0,-4.358,0,0.0738,0.057,9.27e-06,0.103,0.347,96.925,https://genius.com/Bjork-bachelorette-lyrics
All Neon Like,Homogenic,1997-09-22,4PbYKPKq2hpDXV3YckN5tW,353266,0.529,0.518,0,-10.182,0,0.041,0.594,0.0111,0.0673,0.236,152.123,https://genius.com/Bjork-all-neon-like-lyrics
5 Years,Homogenic,1997-09-22,3mmB2OL6YP2FwMR6eQ5mp5,269066,0.467,0.897,5,-5.974,1,0.359,0.159,0.0168,0.288,0.496,82.899,https://genius.com/Bjork-5-years-lyrics
Immature - Mark Bell's Version,Homogenic,1997-09-22,1HFvDETKd9km5DRGd4DkrA,186266,0.35,0.767,6,-7.203,0,0.0438,0.365,0.00226,0.0977,0.106,187.953,Lyrics not found
Alarm Call,Homogenic,1997-09-22,5ghdg3LmJ6u8SQNDAXQ58T,259773,0.656,0.879,5,-5.115,0,0.0629,0.266,1.91e-06,0.0901,0.631,97.059,https://genius.com/Bjork-alarm-call-lyrics
Pluto,Homogenic,1997-09-22,0zgPZSkp20PSuyToQ0lZ0h,199293,0.611,0.83,8,-4.578,1,0.182,0.00271,0.368,0.0808,0.262,147.996,https://genius.com/Bjork-pluto-lyrics
All Is Full Of Love - Howie's Version,Homogenic,1997-09-22,3CgRrPkrjTeBH4a9JlcCVZ,273106,0.146,0.318,11,-9.392,1,0.0376,0.0666,3.8e-05,0.111,0.0364,138.227,Lyrics not found
Jóga - Howie B. Main Mix,Jóga,1997-05-01,777pnlHvTgeiMxrcBXHHIH,301826,0.298,0.54,1,-6.1,0,0.0573,0.594,3.15e-06,0.0688,0.392,145.564,https://genius.com/Bjork-joga-howie-b-main-mix-lyrics
Jóga - String & Vocal Mix,Jóga,1997-05-01,2FUpB3USNnU6MfY8b9R4tG,282200,0.297,0.34,4,-7.832,1,0.0316,0.865,0,0.107,0.255,77.329,https://genius.com/Bjork-joga-string-and-vocal-mix-lyrics
Jóga - Buzz Water Mix,Jóga,1997-05-01,4mhyGJz7cnKEOU3CVlfkfQ,306466,0.291,0.343,4,-8.575,1,0.0374,0.932,0,0.131,0.137,98.514,https://genius.com/Bjork-joga-buzz-water-mix-lyrics
All Is Full Of Love - Choice Mix,Jóga,1997-05-01,0DQ5KhvbIkRB9xT2RoNVZ5,276066,0.0758,0.289,8,-8.518,0,0.0394,0.0268,4.36e-05,0.176,0.0334,81.764,https://genius.com/Bjork-all-is-full-of-love-choice-mix-lyrics
Jóga,Jóga,1997-05-01,1iTqAwKFKNRTcZX9Mtl1PZ,305360,0.305,0.696,1,-6.301,0,0.0598,0.402,7.21e-05,0.0741,0.222,146.456,https://genius.com/Bjork-joga-lyrics
Sod Off,Jóga,1997-05-01,5HCEr7FdvKkSw1T5MUtn9E,176666,0.209,0.357,1,-4.914,0,0.0286,0.426,0,0.18,0.147,90.722,https://genius.com/Bjork-sod-off-lyrics
Immature - Björk’s Version,Jóga,1997-05-01,0D1WTkdAqrlaNDOs3pNN0q,170640,0.442,0.087,1,-13.783,0,0.0304,0.952,0,0.0974,0.351,93.997,https://genius.com/Bjork-immature-bjorks-version-lyrics
So Broken,Jóga,1997-05-01,3b6J9dxawYaZLtiCzUoAgP,363600,0.532,0.323,0,-11.701,0,0.0436,0.6,0.285,0.109,0.481,93.889,https://genius.com/Bjork-so-broken-lyrics
Jóga - Alec Empire Mix,Jóga,1997-05-01,31mZ3RFQSDnryZEzeqksgp,526093,0.513,0.793,1,-4.238,1,0.0667,0.00359,0.000631,0.115,0.129,140.989,https://genius.com/Bjork-joga-alec-empire-mix-lyrics
Jóga - Alec Empire Hardcore Mix 1,Jóga,1997-05-01,7b6wA2srYYOXuQxJxl1DQ2,368666,0.486,0.952,6,-3.266,0,0.123,0.0016,0.0146,0.067,0.165,140.976,Lyrics not found
Jóga - Alec Empire Hardcore Mix 2,Jóga,1997-05-01,4mVufKbAtTrToMwJhrOgYs,367466,0.495,0.957,6,-2.899,0,0.112,0.00307,0.00489,0.0757,0.14,140.897,Lyrics not found
Possibly Maybe - Lucy Mix,Telegram,1996-11-25,7FoyWqprEqHyfWD7k44Vok,183000,0.431,0.645,2,-13.376,1,0.11,0.283,0.00024,0.137,0.0388,113.225,https://genius.com/Bjork-possibly-maybe-lucy-mix-lyrics
Hyper-ballad - Brodsky Quartet Version,Telegram,1996-11-25,3psrTGrOJXyNxlFqOwa0CG,261293,0.367,0.138,10,-12.259,1,0.037,0.56,0,0.119,0.102,130.338,https://genius.com/Bjork-hyper-ballad-brodsky-quartet-version-lyrics
Enjoy - Further Over The Edge Mix,Telegram,1996-11-25,3hXE5lWW6gjDPB2aApfA1a,261440,0.639,0.881,1,-6.942,0,0.0875,0.000133,0.774,0.0796,0.446,134.996,https://genius.com/Bjork-enjoy-further-over-the-edge-mix-lyrics
My Spine,Telegram,1996-11-25,3TzhcUJzX5I4VNTyA89KfI,153533,0.55,0.259,4,-16.156,0,0.0349,0.906,0.0769,0.19,0.587,104.805,https://genius.com/Bjork-my-spine-lyrics
I Miss You - Dobie Rub Part One,Telegram,1996-11-25,4N5NB4jlBbH7K2IS8pkVPp,335360,0.75,0.517,1,-9.026,1,0.0519,0.00782,0.00176,0.214,0.346,92.992,https://genius.com/Bjork-i-miss-you-dobie-rub-part-one-sunshine-mix-lyrics
Isobel - Deodata Mix,Telegram,1996-11-25,6RdwsdqYHGYarQpWlJaK6v,371533,0.64,0.547,6,-9.61,0,0.0277,0.000824,0.217,0.117,0.48,100.943,https://genius.com/Bjork-isobel-deodato-mix-lyrics
You've Been Flirting Again - Flirt Is A Promise Mix,Telegram,1996-11-25,3nZc8zyHIiWiFpQ5a3u384,200533,0.199,0.227,5,-13.428,1,0.0373,0.947,0.306,0.162,0.0365,133.283,https://genius.com/Bjork-youve-been-flirting-again-flirt-is-a-promise-mix-lyrics
Cover Me,Telegram,1996-11-25,3efDhwvvy0vRetnnQQw0sj,382106,0.664,0.855,4,-8.639,0,0.0644,0.0222,0.768,0.446,0.737,82.427,https://genius.com/Bjork-cover-me-lyrics
Army Of Me,Telegram,1996-11-25,0bn2SvFcCEAn3jaQf1Xqkb,318160,0.684,0.914,11,-7.733,1,0.0792,0.0909,0.9,0.323,0.837,172.639,https://genius.com/Bjork-army-of-me-lyrics
Headphones - Ø Remix,Telegram,1996-11-25,04rs4vXaAdGjf98nHtbwoi,377040,0.256,0.0253,2,-33.136,1,0.0465,0.806,0.335,0.117,0.0399,67.69,https://genius.com/Bjork-headphones-remix-lyrics
Army Of Me,Post,1995-06-13,4UFQBhIOgANiBG44USIgsf,234106,0.46,0.69,6,-9.225,1,0.034,0.00815,7.78e-05,0.267,0.491,172.111,https://genius.com/Bjork-army-of-me-lyrics
Hyper-ballad,Post,1995-06-13,2w0wVOiydK5a5e5UqffWwS,321533,0.527,0.441,5,-13.034,0,0.033,0.0252,0.00139,0.378,0.0354,134.99,https://genius.com/Bjork-hyper-ballad-lyrics
The Modern Things,Post,1995-06-13,4QJBOGf8BiuVDoGmSQM8p3,250026,0.428,0.386,4,-13.544,1,0.0415,0.241,0,0.262,0.377,67.025,https://genius.com/Bjork-the-modern-things-lyrics
It's Oh So Quiet,Post,1995-06-13,45Ok4AREEWfPIBZ4ylCXK7,220760,0.467,0.13,5,-14.154,0,0.0513,0.662,0,0.0711,0.231,127.559,https://genius.com/Bjork-its-oh-so-quiet-lyrics
Enjoy,Post,1995-06-13,4N4qSX4RpU7U5TW6PMg84a,237000,0.548,0.879,2,-10.719,1,0.0478,0.00172,0.754,0.129,0.457,84.183,https://genius.com/Bjork-enjoy-lyrics
You've Been Flirting Again,Post,1995-06-13,6YoNajB4BxG971cu0Q1BoE,149773,0.179,0.0517,5,-21.043,1,0.0412,0.951,0.000365,0.121,0.17,103.297,https://genius.com/Bjork-youve-been-flirting-again-lyrics
Isobel,Post,1995-06-13,05meZdvKNj4FBxNbdMgpT6,347026,0.593,0.564,9,-11.237,1,0.0299,0.000651,0.318,0.113,0.182,100.039,https://genius.com/Bjork-isobel-lyrics
Possibly Maybe,Post,1995-06-13,104n46NrvCQ2qXoBWY35ch,306773,0.383,0.132,11,-17.177,1,0.0337,0.775,0.00305,0.203,0.183,57.476,https://genius.com/Bjork-possibly-maybe-lyrics
I Miss You,Post,1995-06-13,2pDMVFdeAsFI73DDekyvDf,243800,0.635,0.764,2,-10.654,0,0.0383,0.0246,0.441,0.0211,0.11,120.934,https://genius.com/Bjork-i-miss-you-lyrics
Cover Me,Post,1995-06-13,2s3mDbXJ6sqh1IP7yw5aEl,126226,0.366,0.296,9,-22.515,0,0.0426,0.939,0.603,0.652,0.282,89.763,https://genius.com/Bjork-cover-me-lyrics
Headphones,Post,1995-06-13,3DwWbiYkm7oZ2nUnNO1Jcx,340373,0.499,0.0296,11,-28.878,0,0.0401,0.685,0.0334,0.102,0.0819,170.179,https://genius.com/Bjork-headphones-lyrics
Human Behaviour,Debut,1993-07-05,6MYYN85MjM7TARWshRwjyW,252360,0.687,0.635,2,-14.667,1,0.0366,0.0448,0.0274,0.0968,0.547,109.453,https://genius.com/Bjork-human-behaviour-lyrics
Crying,Debut,1993-07-05,1R2UhZCSxL1N4kcwa929Fu,290906,0.654,0.676,4,-11.164,0,0.0306,0.00571,0.0271,0.487,0.718,116.202,https://genius.com/Bjork-crying-lyrics
Venus As A Boy,Debut,1993-07-05,48oX55j4gqDw0G80KxzpaQ,282560,0.622,0.402,1,-11.751,1,0.034,0.0307,0.00372,0.0697,0.826,136.261,https://genius.com/Bjork-venus-as-a-boy-lyrics
There's More To Life Than This - Live At The Milk Bar Toilets,Debut,1993-07-05,2runFrIwOg5p2HZo1oymEL,201533,0.728,0.507,7,-12.947,1,0.0384,0.0553,0.0846,0.948,0.714,124.234,Lyrics not found
Like Someone In Love,Debut,1993-07-05,2dkeRnIM7fXKBkkHvkz91v,273400,0.394,0.152,7,-14.953,1,0.0394,0.965,5.9e-05,0.166,0.0777,70.058,https://genius.com/Bjork-like-someone-in-love-lyrics
Big Time Sensuality,Debut,1993-07-05,5diiEB0edX69v9x3e96NyO,236640,0.722,0.721,1,-12.248,0,0.0945,7.03e-05,0.016,0.142,0.53,118.59,https://genius.com/Bjork-big-time-sensuality-lyrics
One Day,Debut,1993-07-05,1k9y7iGRJvg5Kdvd94SGTi,324266,0.615,0.515,0,-13.332,1,0.0356,0.0041,0.00246,0.113,0.19,105.175,https://genius.com/Bjork-one-day-lyrics
Aeroplane,Debut,1993-07-05,1iBP7S79utGK7w8ud2GwwD,234466,0.638,0.29,7,-14.053,1,0.0311,0.0863,0.00324,0.146,0.138,104.634,https://genius.com/Bjork-aeroplane-lyrics
Come To Me,Debut,1993-07-05,17tCBb8odaNBZivCojHhvw,295360,0.485,0.591,5,-13.598,1,0.0332,0.00254,3.98e-05,0.114,0.309,173.449,https://genius.com/Bjork-come-to-me-lyrics
Violently Happy,Debut,1993-07-05,66KzeZCQCe1dUl13nCasOv,299173,0.692,0.61,7,-14.426,1,0.0496,0.266,0.00819,0.128,0.252,120.334,https://genius.com/Bjork-violently-happy-lyrics
The Anchor Song,Debut,1993-07-05,2x9arVHUqJjyGCcIhiPWGY,220626,0.424,0.0294,0,-14.807,1,0.0679,0.935,0,0.0621,0.391,173.615,https://genius.com/Bjork-the-anchor-song-lyrics
Oral - Olof Dreijer Remix,Oral (Olof Dreijer Remix),2024-04-10,1RJL72qQlZxHUIxKEuQWDg,321800,0.765,0.859,1,-8.391,1,0.0527,0.0327,0.197,0.142,0.38,129.06,Lyrics not found
Oral,Oral,2023-11-21,3re91K41XNVsViNbCPumTw,222737,0.399,0.688,11,-6.335,0,0.0581,0.31,0.000168,0.114,0.265,114.003,https://genius.com/Bjork-body-memory-lyrics
On and Ever Onward (Live from Housing Works 2009),On And Ever Onward (Live From Housing Works 2009),2023-04-18,2u1ImCvsSyDhNBSH8nLrOj,141106,0.611,0.248,7,-9.586,1,0.0724,0.893,0,0.676,0.656,121.102,Lyrics not found
Woe (I See It From Your Side) - Björk Remix,Woe (I See It From Your Side) [Björk Remix],2023-03-21,1cfLiIKKcBE2ReK1YW3Zu4,224808,0.429,0.466,3,-9.988,1,0.0631,0.136,1.13e-06,0.784,0.166,83.112,Lyrics not found
Heaven,Woe (I See It From Your Side) [Björk Remix],2023-03-21,5BAhVIXZgb6it3EBrHDWMd,138484,0.741,0.621,11,-8.616,0,0.0876,0.535,4.36e-06,0.238,0.375,116.533,https://genius.com/Bjork-cosmogony-lyrics
Poison - Club Shy mix,Woe (I See It From Your Side) [Björk Remix],2023-03-21,349dI6ZsVGZ8QntznIk0N6,215200,0.763,0.631,6,-9.375,0,0.0986,0.00417,0.000202,0.378,0.354,126.992,Lyrics not found
Ovule (feat. Shygirl) [Sega Bodega Remix],Ovule (feat. Shygirl) [Sega Bodega Remix],2023-01-20,2WMS4GaMShMxX5yl7VVFK0,224827,0.671,0.678,5,-7.262,0,0.109,0.437,5.29e-05,0.47,0.132,103.912,Lyrics not found
Atopos - sideproject Remix,Atopos (sideproject Remix),2022-12-09,1NZfBV7hhhyHme2A1Njb0A,219479,0.592,0.728,2,-7.372,1,0.105,0.13,0.000215,0.162,0.472,175.879,https://genius.com/Bjork-atopos-sideproject-remix-lyrics
Fossora,Fossora,2022-09-27,0W5PJniLTC53FhGUBJE4ca,259064,0.616,0.619,7,-5.418,0,0.0305,0.00272,0.015,0.0574,0.229,100.057,https://genius.com/Bjork-fossora-lyrics
Ancestress,Ancestress,2022-09-22,3cRN1TjmLaJBlXebvxUGtM,437914,0.305,0.379,2,-8.896,0,0.0373,0.631,0,0.107,0.164,106.738,https://genius.com/Bjork-ancestress-lyrics
Ovule,Ovule,2022-09-14,6zOqWvtjGyO3OtwQifLU6b,218154,0.41,0.446,5,-6.905,0,0.0381,0.568,0,0.339,0.263,127.62,https://genius.com/Bjork-ovule-lyrics
Atopos,Atopos,2022-09-06,07WJXaH8khrXUHo0B8BbCh,286903,0.582,0.897,7,-5.412,1,0.235,0.519,0.000211,0.125,0.304,175.909,https://genius.com/Bjork-atopos-lyrics
Sonnets,Sonnets,2020-11-27,6Qw7WOsd4kx5e6Oxm0onhR,129306,0.224,0.107,7,-13.632,1,0.0389,0.98,0.000215,0.173,0.0711,63.863,https://genius.com/Bjork-sonnets-unrealities-xi-lyrics
Björk: Cosmogony,Cosmogony,2020-11-06,5z91DhwAIwYCwosIDPw1ed,237200,0.278,0.2,6,-14.581,1,0.0419,0.988,0.572,0.087,0.0445,80.621,https://genius.com/Bjork-cosmogony-lyrics
Features Creatures,Features Creatures,2019-09-06,3rzv34ZiIwGsfFLCRRmt6W,276557,0.627,0.916,11,-5.108,0,0.102,0.000156,0.0167,0.0627,0.589,130.037,https://genius.com/Bjork-features-creatures-lyrics
Features Creatures,Features Creatures,2019-09-06,58dx5kwXiXF08VRO8I8dNJ,247596,0.557,0.607,1,-7.872,0,0.0353,0.0613,0.138,0.124,0.273,115.007,https://genius.com/Bjork-features-creatures-lyrics
Arisen My Senses,Arisen My Senses,2018-03-21,7ecy8Ibx66hT9TFObcdCeF,311762,0.254,0.587,10,-10.647,0,0.0626,0.281,0.063,0.89,0.118,97.26,https://genius.com/Bjork-arisen-my-senses-lyrics
Arisen My Senses,Arisen My Senses,2018-03-21,1F7JRNPtpX5tliyXzP5fie,207287,0.799,0.464,10,-12.473,0,0.0726,0.00128,0.792,0.104,0.319,118.531,https://genius.com/Bjork-arisen-my-senses-lyrics
Arisen My Senses,Arisen My Senses,2018-03-21,1ldREAySbcliU38MsR2KtO,397901,0.503,0.501,10,-13.37,0,0.113,0.0175,0.115,0.0715,0.0786,126.965,https://genius.com/Bjork-arisen-my-senses-lyrics
Blissing Me,Blissing Me,2017-12-13,2RuS3RX75bV7POjTvm6ehX,255750,0.563,0.306,0,-11.576,1,0.0333,0.828,0,0.0789,0.176,106.145,https://genius.com/Bjork-blissing-me-lyrics
Blissing Me - Harp Version,Blissing Me,2017-12-13,53FEYncQx7vcMLI1A3b5Xs,305140,0.598,0.257,9,-11.241,0,0.0272,0.884,5.98e-06,0.256,0.19,105.893,https://genius.com/Bjork-blissing-me-harp-version-lyrics
Blissing Me,Blissing Me,2017-11-15,18pZmxEPXqJgEa67WQpGRz,305703,0.496,0.495,9,-8.623,0,0.0322,0.898,4.47e-05,0.435,0.285,106.003,https://genius.com/Bjork-blissing-me-lyrics
The Gate - Edit,The Gate (Edit),2017-09-15,3z6rHXuUfmBqyy1rBrDbE6,235621,0.206,0.212,2,-9.475,0,0.0371,0.763,0,0.0977,0.0398,79.85,https://genius.com/Bjork-the-gate-edit-lyrics
The Gate,The Gate,2017-04-17,5evV2dZQy9cChqfe4uzCDO,393573,0.277,0.239,2,-9.549,0,0.0343,0.725,0,0.137,0.0391,110.112,https://genius.com/Bjork-the-gate-lyrics
Stonemilker - Patten Rework,Stonemilker (Patten Rework),2015-09-25,6Ihy5sdUtl8gjHDU0F8fhx,204129,0.286,0.331,6,-14.769,0,0.0701,0.0899,0.889,0.111,0.0661,137.889,https://genius.com/Bjork-stonemilker-patten-rework-lyrics
Lionsong,Lionsong (Juliana Huxtable Remix),2015-09-25,4VR5oPRnmAk2kebemIPiEr,424420,0.367,0.874,2,-9.903,1,0.569,0.192,2.1e-05,0.182,0.138,140.02,https://genius.com/Bjork-lionsong-lyrics
Family - Bloom's North Remix,Family (Bloom's North Remix),2015-09-25,3JJgWcZF7vQ2HejL71zdTN,228274,0.366,0.511,1,-4.87,1,0.125,0.0419,0,0.266,0.421,91.504,https://genius.com/Bjork-family-blooms-north-remix-lyrics
Black Lake - Bloom Remix,Black Lake (Bloom Remix),2015-09-25,1tdDauWlc7VR1lvJprahX5,194666,0.538,0.767,10,-3.274,0,0.0964,0.0441,0.00174,0.088,0.212,136.109,https://genius.com/Bjork-black-lake-bloom-remix-lyrics
Mouth Mantra,Mouth Mantra (The Haxan Cloak Remix),2015-06-23,1U0TpsUnUSdR47Xmei94Br,384464,0.258,0.886,5,-4.751,0,0.0892,0.000444,1.09e-05,0.534,0.155,116.836,https://genius.com/Bjork-mouth-mantra-lyrics
