track_name,album_name,release_date,track_id,duration_ms,lyrics_url
"Cisza, ja i czas - Version 2017",CDN,2017-10-27,4x1Is2FcqPkNEyOdzo0PkX,202760,Lyrics not found
A Ty - Version 2017,CDN,2017-10-27,3zqdZDBEjcCsOTLnwdJL5P,194186,Lyrics not found
Sic! - Version 2017,CDN,2017-10-27,4R6MTQ4YNQ79rV0NR4yeAO,225213,Lyrics not found
Teksański - Version 2017,CDN,2017-10-27,1t7GcLMDpiwbTWIIttAW75,153653,Lyrics not found
2015 - Version 2017,CDN,2017-10-27,0Mp51TC48BZSbWGvFHECYq,195760,Lyrics not found
Muka - Version 2017,CDN,2017-10-27,1UEaxy9x8FUpmvKYxHvlEF,193413,Lyrics not found
Zazdrość - Version 2017,CDN,2017-10-27,35qQ02A70QCtLtPkvMqDEU,142786,Lyrics not found
Eksperyment - Version 2017,CDN,2017-10-27,0gEjPwKfNLvBxBzW5WvoH7,226346,Lyrics not found
Kto tam? Kto jest w środku? - Version 2017,CDN,2017-10-27,36tu50RY3b9YNaLRYqnXCF,196666,Lyrics not found
4 pory - Version 2017,CDN,2017-10-27,2EmwnsFruizrBAxHMHjehO,172760,Lyrics not found
Faza Delta - Version 2017,CDN,2017-10-27,7jUlR2Pzk6s9Jmn4pfyIrF,263053,Lyrics not found
Że - Version 2017,CDN,2017-10-27,4izdeBsbeGdT8Qyztd58lq,199973,Lyrics not found
Katasza - Version 2017,CDN,2017-10-27,3qhTfLS1nFfT5ryujW7f8H,187746,Lyrics not found
Misie - Version 2017,CDN,2017-10-27,5lpSLoVAu5kJQMrsBIuepk,318538,Lyrics not found
Umieraj stąd - Version 2017,CDN,2017-10-27,7963aaSnud2NCg4r9iODtG,222512,Lyrics not found
List - Version 2017,CDN,2017-10-27,1pdQw4ZVaLY9CxZ1h8GFCq,241950,Lyrics not found
"Prędko, prędzej - Version 2017",CDN,2017-10-27,2rqnftSQGArHf9T4xuNMRU,215805,Lyrics not found
Mimo wszystko - Version 2017,CDN,2017-10-27,6QBNkKG168U9IgGXkwjOMD,221154,Lyrics not found
Ja sowa - Version 2017,CDN,2017-10-27,1NFAo3bsI2nGM86X18DLx0,155954,Lyrics not found
Heledore Babe - Version 2017,CDN,2017-10-27,3Wx2vuvnwCBBNVjJ8zgLn0,237215,Lyrics not found
Cudzoziemka w raju kobiet - Version 2017,CDN,2017-10-27,7sA9vVT0SbyEo10NU6bQAQ,192156,Lyrics not found
Byłabym - Version 2017,CDN,2017-10-27,2Af0fbm6sIygwWMOzmNOJA,252244,Lyrics not found
Moja i Twoja nadzieja - Version 2017,CDN,2017-10-27,0AJykCcu9huj30hjn3paB4,306335,Lyrics not found
Historie - Version 2017,CDN,2017-10-27,53SH6sxmU9nj9RvVwxComJ,249714,Lyrics not found
"Do Rycerzy, do Szlachty, do Mieszczan",CDN,2017-10-27,5d9Ut3jI0WrUmO8jMHQRyC,282156,https://genius.com/Hey-do-rycerzy-do-szlachty-do-mieszczan-lyrics
"gdzie Jesteś, gdzie jestem?",CDN,2017-10-27,0G1ZK1sQn5VNxFxyoWOVpt,252863,https://genius.com/Hey-gdzie-jestes-gdzie-jestem-lyrics
Błysk,Błysk,2016-04-22,6YYeHHKkRcCFGlI7Wtw56H,175893,https://genius.com/Hey-bysk-lyrics
Szum,Błysk,2016-04-22,77UzwZ2w62IEn49JUJhvbg,167093,https://genius.com/Hey-szum-lyrics
Ku słońcu,Błysk,2016-04-22,7xYWSpcrAAiwi657vROypb,226560,https://genius.com/Hey-ku-soncu-lyrics
"Prędko, prędzej",Błysk,2016-04-22,4yM5Nr55QLcHmU3MrfPfbb,231626,https://genius.com/Hey-predko-predzej-lyrics
2015,Błysk,2016-04-22,4gSJrnm87CSS71adA7vgkd,203413,https://genius.com/Hey-2015-lyrics
Dalej,Błysk,2016-04-22,5BjgkHVGyOoj4ehzzrmnjL,246133,https://genius.com/Hey-dalej-lyrics
Hej hej hej,Błysk,2016-04-22,5fz0iMOVRrRzuvFpFKDkw9,181680,https://genius.com/Hey-hej-hej-hej-lyrics
I tak w kółko,Błysk,2016-04-22,3p9GwGLdfx9x7v6yd1mvdz,264106,https://genius.com/Hey-i-tak-w-koko-lyrics
Cud,Błysk,2016-04-22,6HxOLGEEnqruDowjhARG7F,264093,https://genius.com/Hey-cud-lyrics
Historie,Błysk,2016-04-22,4GrHpEPPBjggrO2YpdkFct,253333,https://genius.com/Hey-historie-lyrics
Intro - Live,HEY w Filharmonii w Szczecinie (Live),2015-06-05,7oB6WFiu3H0xTC3gYKE9vk,178130,Lyrics not found
Chiński urzędnik państwowy - Live,HEY w Filharmonii w Szczecinie (Live),2015-06-05,6v9pXmO5gGWHAXrGLP7ujY,284739,Lyrics not found
Woda - Live,HEY w Filharmonii w Szczecinie (Live),2015-06-05,5TPHxrrsr4ahq7LvFSMqfh,284334,Lyrics not found
Lot pszczoły nad tymiankiem - Live,HEY w Filharmonii w Szczecinie (Live),2015-06-05,6w7XgADospw6MPtFiwUtR2,201797,Lyrics not found
Umieraj stąd! - Live,HEY w Filharmonii w Szczecinie (Live),2015-06-05,0DoB4YnFAVeDsE8BbL7s6m,244923,Lyrics not found
"Do Rycerzy, do Szlachty, do Mieszczan - Live",HEY w Filharmonii w Szczecinie (Live),2015-06-05,2aaQ2SAy1hPlTzwzAauQNe,278284,Lyrics not found
Kto tam? Kto jest w środku? - Live,HEY w Filharmonii w Szczecinie (Live),2015-06-05,3UFoDlqDZuuygJM3vPTCjz,262322,Lyrics not found
Cudzoziemka w raju kobiet - Live,HEY w Filharmonii w Szczecinie (Live),2015-06-05,0DYt5zjTdyaRsXMK6qHBVi,195675,Lyrics not found
Wilk vs. kot - Live,HEY w Filharmonii w Szczecinie (Live),2015-06-05,5sACRF39dQoepui2kiwl4d,310572,Lyrics not found
r.e.r.e. - Live,HEY w Filharmonii w Szczecinie (Live),2015-06-05,1Oha7gSYlIH5XH4bwL2LxC,270638,Lyrics not found
Boję się o nas - Live,HEY w Filharmonii w Szczecinie (Live),2015-06-05,5UuMqZ5RbZEsb7NfSUhOrp,319614,Lyrics not found
Stygnę - Live,HEY w Filharmonii w Szczecinie (Live),2015-06-05,632iZy0dbWJJivj7RsVcDS,299884,Lyrics not found
Wczesna jesień - Live,HEY w Filharmonii w Szczecinie (Live),2015-06-05,25BnYMnD6IlYEp5xxhpBzx,325363,Lyrics not found
Mimo wszystko - Live,HEY w Filharmonii w Szczecinie (Live),2015-06-05,5n167MgKBJfEOi39NVfBE7,239913,Lyrics not found
A ty? - Live,HEY w Filharmonii w Szczecinie (Live),2015-06-05,4Ulk8Cez8dKAwPZ2FtgeNU,336411,Lyrics not found
Wieliczka,"Do Rycerzy, do Szlachty, doo Mieszczan",2012-11-06,1Mk4uvHeV8hrVSQ58ckolR,236693,https://genius.com/Hey-wieliczka-lyrics
Co tam?,"Do Rycerzy, do Szlachty, doo Mieszczan",2012-11-06,2N4YqUaMNP7tIAiJTErHaW,224727,https://genius.com/Hey-co-tam-lyrics
... że się Kupidyn Tobą interesuje,"Do Rycerzy, do Szlachty, doo Mieszczan",2012-11-06,69zklNJjoCvX3Ty98Gqy9v,227213,https://genius.com/Hey-ze-sie-kupidyn-toba-interesuje-lyrics
Woda,"Do Rycerzy, do Szlachty, doo Mieszczan",2012-11-06,6CjsWK3oAUDr29N3GubW6d,252906,https://genius.com/Hey-woda-lyrics
"Lilia, kula i cyrkiel","Do Rycerzy, do Szlachty, doo Mieszczan",2012-11-06,4m0BPluQG3w5V9ro0jzBYW,212240,https://genius.com/Hey-lilia-kula-i-cyrkiel-lyrics
Podobno,"Do Rycerzy, do Szlachty, doo Mieszczan",2012-11-06,3PAR6GPOMubXtu1fSfGm0f,265786,https://genius.com/Hey-podobno-lyrics
Wilk vs. Kot,"Do Rycerzy, do Szlachty, doo Mieszczan",2012-11-06,2gpzwT69Ukm5EdrUuVRYsi,243400,https://genius.com/Hey-wilk-vs-kot-lyrics
Bez chorągwi,"Do Rycerzy, do Szlachty, doo Mieszczan",2012-11-06,1SrxmAv2oeqRLZVZHM1X92,268920,https://genius.com/Hey-bez-choragwi-lyrics
Lot pszczoły nad tymiankiem,"Do Rycerzy, do Szlachty, doo Mieszczan",2012-11-06,0R4syQ6XTUetBgGnyYNy4Q,246493,https://genius.com/Hey-lot-pszczoly-nad-tymiankiem-lyrics
"Do Rycerzy, do Szlachty, do Mieszczan","Do Rycerzy, do Szlachty, doo Mieszczan",2012-11-06,2PZKdvW6THXDZfM4I0vc2l,250883,https://genius.com/Hey-do-rycerzy-do-szlachty-do-mieszczan-lyrics
Z przyczyn technicznych,"Do Rycerzy, do Szlachty, doo Mieszczan",2012-11-06,2RJbtep1GdOaIJwFCUz2vu,249920,https://genius.com/Hey-z-przyczyn-technicznych-lyrics
Vanitas - Bueno Bros Remix,Re-Murped!,2010-01-01,6sDRlwJjcD7Ew2dPdAyO9q,432493,Lyrics not found
Piersi Ćwierć - Gitbit Papilot Remix,Re-Murped!,2010-01-01,2Bk2hjdJAPbryKPcIIFNiX,178946,Lyrics not found
Chiński Urzędnik - Bueno Bros Remix,Re-Murped!,2010-01-01,7apdEszc6Gu5AAXNJLJS83,296226,Lyrics not found
Miłość! Uwaga! Ratunku! Pomocy! - Smolik Remix,Re-Murped!,2010-01-01,1vVqtESfJoKixCyAUDmV5b,246480,Lyrics not found
Stygnę - Bueno Bros Remix,Re-Murped!,2010-01-01,2Jrcz6SqyHbqhXKrVSNW1B,421573,Lyrics not found
Boję Się - Bueno Bros,Re-Murped!,2010-01-01,1ZEZPVVsWn056SWsiEIEBy,324053,Lyrics not found
Kto Tam? Kto Jest W Środku? - Bueno Bros Remix,Re-Murped!,2010-01-01,7pqX72AyUv3OQ7cyMj90OQ,287853,Lyrics not found
Nie Więcej - Pablo Remix,Re-Murped!,2010-01-01,5yn379OHqM1v5hSLb7RtJe,295373,Lyrics not found
Vanitas - Mosqitoo Remix,Re-Murped!,2010-01-01,7yR7b1zm4WNX7XH120vhmf,191480,Lyrics not found
Piersi Ćwierć - Fox Remix,Re-Murped!,2010-01-01,7ytgTKkucjXjNVO3GkR3nO,190466,Lyrics not found
Miłość! Uwaga! Ratunku! Pomocy - Agim Remix,Re-Murped!,2010-01-01,4t4Ul8NjXc4qqghBTUklgc,254626,Lyrics not found
Nie Więcej - Rawski Remix,Re-Murped!,2010-01-01,46F6LENRbJObpbSPeN6Bcq,342720,Lyrics not found
Miłość! Uwaga! Ratunku! Pomocy! - Plastic Remix,Re-Murped!,2010-01-01,0vXGeKpr7tz510VQdVPP6y,381133,Lyrics not found
Stygnę - Pablo Remix,Re-Murped!,2010-01-01,1SwQNx9BiFOGEDcAeXxB4G,333946,Lyrics not found
Boję Się - Zietek Remix,Re-Murped!,2010-01-01,1MVHkAYORwTh72xEetyZA3,432200,Lyrics not found
Kto Tam? Kto Jest W Środku? - Boya Chile Remix,Re-Murped!,2010-01-01,5bvnjNK9Ej7crUpuHH6EJ6,192973,Lyrics not found
Nie Więcej - Gienia Remix,Re-Murped!,2010-01-01,21VBI9uFC0CiTiwKR7V9rF,250546,Lyrics not found
Faza Delta - Bors Remix,Re-Murped!,2010-01-01,3QhZOv05ZGEbtOAxypbpMa,225693,Lyrics not found
Vanitas,Miłość! Uwaga! Ratunku! Pomocy!,2009-01-01,5L3l8YhNEsIicb1VJ5Xv8c,197066,https://genius.com/Hey-vanitas-lyrics
Umieraj Stąd,Miłość! Uwaga! Ratunku! Pomocy!,2009-01-01,4UARL10s3ckmKpg8oMVdDQ,222453,https://genius.com/Hey-umieraj-stad-lyrics
Faza Delta,Miłość! Uwaga! Ratunku! Pomocy!,2009-01-01,4j2xABmph9Oe1Ffp2NDty1,257253,https://genius.com/Hey-faza-delta-lyrics
Piersi Ćwierć,Miłość! Uwaga! Ratunku! Pomocy!,2009-01-01,2voKVfCECJltYebP9HNeo2,287493,https://genius.com/Hey-piersi-cwierc-lyrics
Chiński Urzędnik Państwowy,Miłość! Uwaga! Ratunku! Pomocy!,2009-01-01,6gcs1o8ATQ9iY3OWTFEYzQ,265320,https://genius.com/Hey-chinski-urzednik-panstwowy-lyrics
Miłość! Uwaga! Ratunku! Pomocy!,Miłość! Uwaga! Ratunku! Pomocy!,2009-01-01,4HLM55tOwpDvlAPaJ6hqAL,240133,https://genius.com/Hey-miosc-uwaga-ratunku-pomocy-lyrics
Stygnę,Miłość! Uwaga! Ratunku! Pomocy!,2009-01-01,0QWeqsXfXaqZ6yK5S5CV1Z,309346,https://genius.com/Hey-stygne-lyrics
Boję Się O Nas,Miłość! Uwaga! Ratunku! Pomocy!,2009-01-01,67qng42PiplNLoyKhEKQa5,313813,https://genius.com/Hey-boje-sie-o-nas-lyrics
Kto Tam? Kto Jest W Środku?,Miłość! Uwaga! Ratunku! Pomocy!,2009-01-01,52rY8OgUFZZRcYwybgGTA7,193946,https://genius.com/Hey-kto-tam-kto-jest-w-srodku-lyrics
Nie Więcej...,Miłość! Uwaga! Ratunku! Pomocy!,2009-01-01,2njHX9mkKk88WjFvlC3QUT,191093,https://genius.com/Hey-nie-wiecej-lyrics
Fate - MTV Unplugged,MTV Unplugged,2007-01-01,3aaoXBZkGm3tG7MBPW0nGq,223333,Lyrics not found
A Ty? - MTV Unplugged,MTV Unplugged,2007-01-01,7c8RoKysqpVmuG4KnVgfIF,218426,Lyrics not found
Moogie - MTV Unplugged,MTV Unplugged,2007-01-01,2BLzuvLY23vat34duPiYaR,245386,Lyrics not found
Dreams - MTV Unplugged,MTV Unplugged,2007-01-01,6SkaQ0bVhzqj0bJsbbpeRx,202640,Lyrics not found
Missy Seepy - MTV Unplugged,MTV Unplugged,2007-01-01,2CNeBatcNXLywYGRFq15Tq,314720,Lyrics not found
Ho - MTV Unplugged,MTV Unplugged,2007-01-01,5TdbM3k4pBOzynjsxCC8Eo,322080,Lyrics not found
W Imieniu Dam - MTV Unplugged,MTV Unplugged,2007-01-01,0gbvP8Kt3tClspNUJ1cykW,239600,Lyrics not found
Angelene - MTV Unplugged,MTV Unplugged,2007-01-01,70kxGim7OLRWKBUgnZ55JI,303720,Lyrics not found
[Sic!] - MTV Unplugged,MTV Unplugged,2007-01-01,5PbP8DUxseSLQ6IoogWEfY,159493,Lyrics not found
Mru Mru - MTV Unplugged,MTV Unplugged,2007-01-01,4yZkbplPf21GPfJTgbBWYu,237746,Lyrics not found
Luli Lali - MTV Unplugged,MTV Unplugged,2007-01-01,3e89MKFy7jfAoPe6HlMCaa,260186,Lyrics not found
Candy - MTV Unplugged,MTV Unplugged,2007-01-01,79YLeV8TciabHaw1GDjUWK,225613,Lyrics not found
Mimo Wszystko - MTV Unplugged,MTV Unplugged,2007-01-01,4MwFuJUirytcxNWUCMdoJT,290453,Lyrics not found
To Tu - MTV Unplugged,MTV Unplugged,2007-01-01,1ZHe6Xli6xiuFmathWP1QD,233320,Lyrics not found
Cudzoziemka W Raju Kobiet - MTV Unplugged,MTV Unplugged,2007-01-01,5ZoEbfv4JOCzUTtyUT8Z6g,146186,Lyrics not found
Zazdrość - MTV Unplugged,MTV Unplugged,2007-01-01,4qZN48GRARMukBRKHxpuSL,257813,Lyrics not found
Teksański - MTV Unplugged,MTV Unplugged,2007-01-01,4eHHO91YeShLHcinyQkvnC,389333,Lyrics not found
To Tu,Echosystem,2005-02-16,37GfcRKIBLeE9bihRYoxnG,240906,https://genius.com/Hey-to-tu-lyrics
Luli Lali,Echosystem,2005-02-16,0SpgzyUt10f4D7mW7shlrC,185840,https://genius.com/Hey-luli-lali-lyrics
"Leze Tu, Lezec Chce",Echosystem,2005-02-16,4AX1ik76Iw9S1raGZslWHr,208866,https://genius.com/Hey-leze-tu-lezec-chce-lyrics
Bylabym,Echosystem,2005-02-16,3k1mMaK5nlDRcQR3n1kXmt,247293,https://genius.com/Hey-byabym-lyrics
W Imieniu Dam,Echosystem,2005-02-16,5emeVjtf80xHBKDmix4GgA,248853,https://genius.com/Hey-w-imieniu-dam-lyrics
A Ty?,Echosystem,2005-02-16,5h9skvE12rAxa3eIWUFQ1r,201613,https://genius.com/Hey-a-ty-lyrics
Mimo Wszystko,Echosystem,2005-02-16,7moJD0KpZeO0HVD99chZLw,256560,https://genius.com/Hey-mimo-wszystko-lyrics
Cala Noc,Echosystem,2005-02-16,1nccZi9WfuCBXZseNbtqtZ,200533,https://genius.com/Hey-caa-noc-lyrics
SOS,Echosystem,2005-02-16,5VNjK8LGzTqspatNG7AiNL,189506,https://genius.com/Hey-sos-lyrics
Mowie,Echosystem,2005-02-16,2q9lM8utg0R22I0qi28ZyX,205800,https://genius.com/Hey-mowie-lyrics
"Ty, Ty, Ty",Echosystem,2005-02-16,40OTEq3yk8Fm1z6nfpvGYx,180720,https://genius.com/Hey-ty-ty-ty-lyrics
Na Wiecznosc,Echosystem,2005-02-16,4CgFzxCVzkUCbxdAr4kRJc,270333,https://genius.com/Hey-na-wiecznosc-lyrics
Nie Wierze (Jackowi Cz.),Echosystem,2005-02-16,4aMvunF6KEKyzbExHHKcUT,227373,https://genius.com/Hey-nie-wierze-jackowi-cz-lyrics
"Cisza, ja i czas - Live",Koncertowy (Live),2003,3ebX2RFigiC1tlZeLXe6NP,244000,Lyrics not found
Z rejestru strasznych snów - Live,Koncertowy (Live),2003,23A3PTZRBx6nW6OSuJIv6y,257533,Lyrics not found
Zobaczysz - Live,Koncertowy (Live),2003,61WUvf0Zi288q9f89eQPpa,265186,Lyrics not found
Sio - Live,Koncertowy (Live),2003,39WFUbU0pVvgYz4Vk08kNU,285280,Lyrics not found
Że - Live,Koncertowy (Live),2003,1KJL8cAoz9n4SacdCJbvsJ,202000,Lyrics not found
Cudzoziemka w raju kobiet - Live,Koncertowy (Live),2003,734gslpODOTdtwMKvWdE8A,185000,Lyrics not found
Ja sowa - Live,Koncertowy (Live),2003,4h9gSq1TsiDiX9TxhQoTnV,312000,Lyrics not found
Fate - Live,Koncertowy (Live),2003,6eS3Wqwg1UJsHrKDBk5XNb,224000,Lyrics not found
Ho - Live,Koncertowy (Live),2003,2uZfUSRIUfmrQiTWeGCoc0,277000,Lyrics not found
One of Them - Live,Koncertowy (Live),2003,3qpufIOxwmAAMHE2PLOhJy,127000,Lyrics not found
Just Another Day - Live,Koncertowy (Live),2003,6unpvp6eDN73QScxlbFSwN,187000,Lyrics not found
Kropla - Live,Koncertowy (Live),2003,7a6kJwJlxuMZ2InptkIn7u,198000,Lyrics not found
That's a Lie - Live,Koncertowy (Live),2003,6PxLkyiAb6RoPNRSQUVQ9W,239000,Lyrics not found
Dorosłość jak początek umierania - Live,Koncertowy (Live),2003,09jfzPQy95WNUNDZ86R1A2,255720,Lyrics not found
Dolly - Live,Koncertowy (Live),2003,6mNufdroOtB8Yumv3I0FgH,494200,Lyrics not found
Katasza - Live,Koncertowy (Live),2003,3DNz0bLHYNyJ9mtoJzPbLN,223546,Lyrics not found
Niekoniecznie o mężczyźnie - Live,Koncertowy (Live),2003,14a2BZxSAdufqBCIFqT1ph,148986,Lyrics not found
Anioł - Live,Koncertowy (Live),2003,4UhCbppWEuHseslWxvlu6y,301133,Lyrics not found
Zazdrość - Live,Koncertowy (Live),2003,3f7p5E7KJOFfiwFF3LLhS8,138506,Lyrics not found
Schizophrenic Family - Live,Koncertowy (Live),2003,4h4IAW0WKoVHPUzuQKNdqu,121826,Lyrics not found
Teksański - Live,Koncertowy (Live),2003,1Hj0gg6NhtfIdZuMFrHRpB,139000,Lyrics not found
As Raindrops Fell - Live,Koncertowy (Live),2003,1c2hPBdtyyPAmmBNlhBFnn,156626,Lyrics not found
Little Peace - Live,Koncertowy (Live),2003,3IsTrKGu6DZ2Vin5veoTuk,202026,Lyrics not found
Where Is My Mind - Live,Koncertowy (Live),2003,2jmxh6LQTLoXCjNJLeGYmq,278120,Lyrics not found
... - Live,Koncertowy (Live),2003,0SpnGnNtcJDa6fmEhEuuI1,207226,Lyrics not found
Klus Mitroh - Live,Koncertowy (Live),2003,36ZOyKy24d4Yu2Uzr2Pz0p,243880,Lyrics not found
Antiba,[sic!],2001-10-22,53nyDI6HsRtDSYRez8Var1,213693,https://genius.com/Hey-antiba-lyrics
[sic!],[sic!],2001-10-22,6nazrttF1K9tmyuqhDU3Q0,204173,https://genius.com/Hey-sic-lyrics
"Cisza, ja i czas",[sic!],2001-10-22,53ukEbab0LZi26OHOOCj4Y,219533,https://genius.com/Hey-cisza-ja-i-czas-lyrics
Romans petitem,[sic!],2001-10-22,276Q4lniHa4Z4HySGjNERy,238693,https://genius.com/Hey-romans-z-petitem-lyrics
Prelud deszczowy,[sic!],2001-10-22,2BaActjVkKhkKPkPumuVZ3,200200,https://genius.com/Hey-prelud-deszczowy-lyrics
Mikimoto - król pereł,[sic!],2001-10-22,0kOBseEyHhR36NbG5RQuYK,215333,https://genius.com/Hey-mikimoto-krol-pere-lyrics
Hanging on the Telephone,[sic!],2001-10-22,5OZO0z6Iu2zthbKybGougG,133466,https://genius.com/Hey-hanging-on-the-telephone-lyrics
ZEROEKRAN,[sic!],2001-10-22,09KE3mYprMoZ9cTacjLoM1,195266,https://genius.com/Hey-zeroekran-lyrics
Z rejestru strasznych snów,[sic!],2001-10-22,6lLsWy877ZZYrFdZz513SC,253373,https://genius.com/Hey-z-rejestru-strasznych-snow-lyrics
Pea Sorela,[sic!],2001-10-22,6JAO4Nd3OLXI73IuRz6pNK,243533,https://genius.com/Hey-pea-sorela-lyrics
Cudzoziemka w raju kobiet,[sic!],2001-10-22,52z9gYlMBvl4v3bEJ1nUEX,194426,Lyrics not found
Fotografia,[sic!],2001-10-22,0YMHOqvEzhuVk9GGXSIGBI,223973,https://genius.com/Hey-fotografia-lyrics
Dolly,[sic!],2001-10-22,4k3x7JmQykhIgL0rMapegg,228000,https://genius.com/Hey-dolly-lyrics
Jeśli Łaska,Hey,1999-05-03,7Atuoi8iLWVbpR3xYd4Czj,186560,https://genius.com/Hey-jesli-aska-lyrics
Najważniejsze,Hey,1999-05-03,0UV5ztAvCNrtiZCgMiFdtd,196773,https://genius.com/Hey-najwazniejsze-lyrics
4 Pory,Hey,1999-05-03,0ecS5ctPIYp7m6gFsa3OMK,174760,https://genius.com/Hey-4-pory-lyrics
Pomyłka S.,Hey,1999-05-03,79lx3v9XG6nM6v1MWFqBdc,257839,https://genius.com/Hey-pomyka-s-lyrics
To Co Czujesz,Hey,1999-05-03,2NpolDvgDN3NuR5ZL0Ue1p,317066,https://genius.com/Hey-to-co-czujesz-lyrics
Tak Czy Inaczej,Hey,1999-05-03,42zXt4hRmsNfdLoX3e3vhE,240693,https://genius.com/Hey-tak-czy-inaczej-lyrics
Czas Spełnienia,Hey,1999-05-03,5MCiJgrbXyO7qU1KmrpBxS,246466,https://genius.com/Hey-czas-spenienia-lyrics
Zakryty Mam Wstyd,Hey,1999-05-03,1FCzAGJMlb06XB7zk0VExV,189866,https://genius.com/Hey-zakryty-mam-wstyd-lyrics
Wielki Węzeł,Hey,1999-05-03,1FFLdSRJJMFKshGz4OvSsa,189573,https://genius.com/Hey-wielki-weze-lyrics
Mamjakty,Hey,1999-05-03,4QEi1rB3YwjTgrXTqbGny0,249026,https://genius.com/Hey-mamjakty-lyrics
Wycofanie,Hey,1999-05-03,5FYeqtJi9x3M4i0Ga81Cdz,193373,https://genius.com/Hey-wycofanie-lyrics
Piękna Pani Z Czółenkiem,Hey,1999-05-03,2NBbmqBko37ivI7jdHB3ZN,302560,https://genius.com/Hey-piekna-pani-z-czoenkiem-lyrics
Zakochani,Karma,1997-05-05,77kJ4eo0iVscJZyK4UDPmf,255093,https://genius.com/Hey-zakochani-lyrics
Wodolanki,Karma,1997-05-05,6OguK1xBF5aleh1o2wkEzz,260533,https://genius.com/Hey-wodolanki-lyrics
Katasza,Karma,1997-05-05,4TK6J2fr5gN1OR79zYDR2J,201226,https://genius.com/Hey-katasza-lyrics
Irish,Karma,1997-05-05,4z9nvy4TAMNr9GNivkUfo7,239506,https://genius.com/Hey-irish-lyrics
O Podglądaniu,Karma,1997-05-05,5kGE704t9bdapuZcJxG2WX,292280,https://genius.com/Hey-o-podgladaniu-lyrics
Dosyć Poważnie,Karma,1997-05-05,2BxQAdf3CRItHsha32KnDv,192986,https://genius.com/Hey-dosyc-powaznie-lyrics
Czy Czy Czy,Karma,1997-05-05,2yO5E9binNGtF2eW2uLT4Z,206306,https://genius.com/Hey-czy-czy-czy-lyrics
O Suszeniu,Karma,1997-05-05,4XiXQm3sBZHkSUF4hx78tq,222666,https://genius.com/Hey-o-suszeniu-lyrics
Że,Karma,1997-05-05,3krCTdT8rjGxVMmf2jlxGD,231626,https://genius.com/Hey-ze-lyrics
Saskia's Life,Karma,1997-05-05,6h9XuAvwW0anC3X7Yb1EWu,213840,https://genius.com/Hey-saskias-life-lyrics
To Trzeba Lubić,Karma,1997-05-05,3TDYqISUPwJCnjW04xxbVj,306560,https://genius.com/Hey-to-trzeba-lubic-lyrics
Sio,Karma,1997-05-05,5KLaVQt0uerUx4unR5TTIU,249333,https://genius.com/Hey-sio-lyrics
Karma,Karma,1997-05-05,2MHDVqjcs0TBBvR4iURZJi,308706,Lyrics not found
Early Winter,? (English Version),1995-10-09,1QM9rHqQQKENky0oZhOW4g,281000,https://genius.com/Hey-early-winter-lyrics
Day Of Maturity,? (English Version),1995-10-09,1oC0c5d1iMrRNhm4lcYWgv,208333,https://genius.com/Hey-day-of-maturity-lyrics
Between,? (English Version),1995-10-09,4LZw54nimafOlcfKUDk2jj,210626,https://genius.com/Hey-between-lyrics
Snow White Complex,? (English Version),1995-10-09,2NsLf3jLZAfj8h61xmuADt,271600,https://genius.com/Hey-snow-white-complex-lyrics
Empty Page,? (English Version),1995-10-09,4SnRaH8El9ecLa18a1bnP8,249000,https://genius.com/Hey-empty-page-lyrics
Guardian Angel,? (English Version),1995-10-09,7uPGUL8lX7ZPfTRN9G1tY3,279733,https://genius.com/Hey-guardian-angel-lyrics
I Don't Know,? (English Version),1995-10-09,76EtqZvqEL2ytno24EBspS,223200,Lyrics not found
Drops,? (English Version),1995-10-09,3YfE59HfPyKsxTJMPt0dd8,187600,https://genius.com/Hey-drops-lyrics
As Raindrops Fell,? (English Version),1995-10-09,3JbSuex3WppHT2PyNgg8Xi,179733,https://genius.com/Hey-as-raindrops-fell-lyrics
A Letter,? (English Version),1995-10-09,2H7tYycKgjQsNlIgbCpTYm,269840,https://genius.com/Hey-a-letter-lyrics
Yeah-Well,? (English Version),1995-10-09,5HYNhZDqAe70bb7pixrZ4D,174360,https://genius.com/Hey-yeah-well-lyrics
Just Another Day,? (English Version),1995-10-09,3RFiFajIsmML2KGuO73fNc,171133,https://genius.com/Hey-just-another-day-lyrics
Heledore Babe,? (English Version),1995-10-09,2UMXGxkss5iDCeK7rnt2Oj,222000,https://genius.com/Hey-heledore-babe-lyrics
Muesli,? (English Version),1995-10-09,79Cf4FyVhw2vO57GoJnjvW,135333,https://genius.com/Hey-muesli-lyrics
Fire Of My Soul,? (English Version),1995-10-09,7xW7TRC8kZk18sADPAuXlf,205133,https://genius.com/Hey-fire-of-my-soul-lyrics
Have A Nice Day,? (English Version),1995-10-09,6C7GSlFPfACz0uKEGm1CTF,218533,https://genius.com/Hey-have-a-nice-day-lyrics
Wczesna Jesień,?,1995-10-09,3hAKoTdyEQ2r6MHolTLtiv,278626,https://genius.com/Hey-wczesna-jesien-lyrics
Dorosłość Jak Początek Umierania,?,1995-10-09,2gajGWGHPJgFwmDOZdbIGP,208253,https://genius.com/Hey-dorososc-jak-poczatek-umierania-lyrics
Prawda,?,1995-10-09,7DjFpcNnQWF7DKs3sgjaUH,274013,https://genius.com/Hey-prawda-lyrics
I Don't Know,?,1995-10-09,5aJSN6QLHbHmH3sxbldKnH,219333,Lyrics not found
Anioł,?,1995-10-09,0sPRtaUG0zrDEIrham6SNw,280466,https://genius.com/Hey-anio-lyrics
Kropla,?,1995-10-09,4F6oBkiJVFqOVjxcXR4soU,189293,https://genius.com/Hey-kropla-lyrics
R.e.r.e,?,1995-10-09,3qcMZowVZsJ7aRj0mJACDh,219440,https://genius.com/Hey-rere-lyrics
As Raindrops Fell,?,1995-10-09,57JRGIHRqy5oCIYRWugnv6,178733,https://genius.com/Hey-as-raindrops-fell-lyrics
Musli,?,1995-10-09,6tNAa1jvnMedgCA9u5LJ2g,135320,https://genius.com/Hey-musli-lyrics
List,?,1995-10-09,3fYB4ptzaZxBKM6eZyUEKU,268133,https://genius.com/Hey-list-lyrics
Fire Of My Soul,?,1995-10-09,6LC2VbOjCgLI59TMVeJcdq,206626,https://genius.com/Hey-fire-of-my-soul-lyrics
Heledore Babe,?,1995-10-09,3iNYXRu9iAvytJyaO2Rb5M,222333,https://genius.com/Hey-heledore-babe-lyrics
Je-le,?,1995-10-09,4TpDk21COFz8FcRyF0BaME,173946,https://genius.com/Hey-je-e-lyrics
Just Another Day,?,1995-10-09,3ZQ1jm2z8YM839M5cvYW3Y,170800,https://genius.com/Hey-just-another-day-lyrics
Gdy Mnie Sen Zmorzy,?,1995-10-09,6LacqZb2eHMDNXnBHzpkMY,252253,https://genius.com/Hey-gdy-mnie-sen-zmorzy-lyrics
As Raindrops Fell,Heledore,1995-05-29,1tWo37tbY622AHfZygM7gg,180066,https://genius.com/Hey-as-raindrops-fell-lyrics
Anioł,Heledore,1995-05-29,1639cSm4V70HTF2WU8msR1,282200,https://genius.com/Hey-anio-lyrics
Heledore Babe,Heledore,1995-05-29,4MfzpiTpI7FnCoJiQOyfcP,223466,https://genius.com/Hey-heledore-babe-lyrics
Z Jednej Krwi,Heledore,1995-05-29,04BZYuIvFW40JXgGLGkXhZ,165466,https://genius.com/Hey-z-jednej-krwi-lyrics
List,Heledore,1995-05-29,10O41fgcXAKHRpcL8VeZXg,271906,https://genius.com/Hey-list-lyrics
Musli,Heledore,1995-05-29,0rulSsKVAV7bEYLQg7p7f5,141560,https://genius.com/Hey-musli-lyrics
Cudownie - Live,Heledore,1995-05-29,7dtXAJ0xBhY1XpnlaPddye,314240,Lyrics not found
Little Peace - Live,Heledore,1995-05-29,6dssVb5ze2U8DX6Z2Cpxdg,147933,Lyrics not found
A Letter,Heledore,1995-05-29,53zpRudkKzrtI7Q6m1MdoF,272160,https://genius.com/Hey-a-letter-lyrics
Zapowiedź - Live,Live!,1994-12-06,1qbzxqmLP5MKXCVSwYVx5K,53440,Lyrics not found
O Drugim Policzku - Live,Live!,1994-12-06,6Qwlmah1S5IfgJnL7ucqjo,221960,Lyrics not found
One Of Them - Live,Live!,1994-12-06,3ncouewM2wAySc1vADu9w7,143840,Lyrics not found
Have A Nice Day - Live,Live!,1994-12-06,7opSBgDfd6Fr4qAnWyQh2x,207533,Lyrics not found
Ja Sowa - Live,Live!,1994-12-06,20vomRQ5MnAHFYTVC13Crz,259133,Lyrics not found
Niekoniecznie O Mężczyźnie - Live,Live!,1994-12-06,2K1v8afyIfWjVBnpWehrlS,197093,Lyrics not found
Delusions - Live,Live!,1994-12-06,3yfdsgALLZARMv8ZKKXo4C,185373,Lyrics not found
Is It Strange - Live,Live!,1994-12-06,54y8viBFK6s0I3XFwLSas1,156293,https://genius.com/Hey-is-it-strange-lyrics
Zazdrość - Live,Live!,1994-12-06,3fGlxkWlNEPSLoWE87oZYG,120066,Lyrics not found
Fate - Live,Live!,1994-12-06,2yjUHYdGmFIs3bMx7yZAKT,138973,Lyrics not found
Ho - Live,Live!,1994-12-06,4W87nksFB7bTUBbMiCUfwz,243826,Lyrics not found
Redemption Song - Live,Live!,1994-12-06,59YmlskJ9eT2LrodGVY6wG,159000,Lyrics not found
Chyba - Live,Live!,1994-12-06,23cdFbpkBzkiKPuG8ucvh1,55133,Lyrics not found
Teksański - Live,Live!,1994-12-06,2kifBb21aLUBh6Xf1snbX5,166640,Lyrics not found
Dreams - Live,Live!,1994-12-06,4i0j0x63QY41KMYTjmTkKU,145826,Lyrics not found
Between - Live,Live!,1994-12-06,2CzxEDCq5aZ62GgE3RsQFc,189173,Lyrics not found
Misie - Live,Live!,1994-12-06,3CM2mqRyxgBmigOavO1K2I,261733,Lyrics not found
Moja I Twoja Nadzieja - Live,Live!,1994-12-06,6TNtD6AHBGhMF5TqfHrlTS,333960,Lyrics not found
Empty Page,Ho!,1994-04-22,03gnplpbJvJDCUVoUYVFwl,248506,https://genius.com/Hey-empty-page-lyrics
O Drugim Policzku,Ho!,1994-04-22,1HUtGmFsyqoYXYhM8N5jpm,256466,https://genius.com/Hey-o-drugim-policzku-lyrics
Ja Sowa,Ho!,1994-04-22,0uULuSoQjSYe5aYarNxHRu,273800,https://genius.com/Hey-ja-sowa-lyrics
Have A Nice Day,Ho!,1994-04-22,3H98QNyl3kfg1Yhio4NdRY,213453,https://genius.com/Hey-have-a-nice-day-lyrics
Cudownie,Ho!,1994-04-22,7GvcDt96BaYkaJGTsqr06o,263440,https://genius.com/Hey-cudownie-lyrics
Between,Ho!,1994-04-22,0KWR4JgYz26o6dMeix4Q1Y,211306,https://genius.com/Hey-between-lyrics
Is It Strange,Ho!,1994-04-22,2mZH6JAbjWcF2bqu0Fd9gW,178560,https://genius.com/Hey-is-it-strange-lyrics
Misie,Ho!,1994-04-22,7oovRWMR9CAMLKXuSXCSvt,302666,https://genius.com/Hey-misie-lyrics
Niekoniecznie O Mężczyźnie,Ho!,1994-04-22,2skWRKEw5MRwy38AeWYhUB,228866,https://genius.com/Hey-niekoniecznie-o-mezczyznie-lyrics
That's A Lie,Ho!,1994-04-22,2XF0GPFAwKKsBy4Rwb5HVa,240613,https://genius.com/Hey-thats-a-lie-lyrics
Chyba,Ho!,1994-04-22,6NGpWVdSaQ3tKcZ8H8UAnn,65040,https://genius.com/Hey-chyba-lyrics
Maliny Się Kończą,Ho!,1994-04-22,2nGzyAc8KaHjevCp5VeOLG,320960,https://genius.com/Hey-maliny-sie-koncza-lyrics
What About Me,Ho!,1994-04-22,6nbMdSyWZ4oHKVgu45DgD6,261466,https://genius.com/Hey-what-about-me-lyrics
Ho,Ho!,1994-04-22,5upBpM8FakCvsr23hqI0bp,249160,Lyrics not found
One Of Them,Fire,1993-02-08,3Zuwk3NhFHxnW2oZVEbJQk,165013,https://genius.com/Hey-one-of-them-lyrics
Choice,Fire,1993-02-08,2noo1U8LCbiCMdE9Vsl5NY,218426,https://genius.com/Hey-choice-lyrics
Dreams,Fire,1993-02-08,31zm4HK0gwYvnTaAOPEnFy,166626,https://genius.com/Hey-dreams-lyrics
Nonsense,Fire,1993-02-08,4qdQl3l74tX9YFDAyVOMco,165280,https://genius.com/Hey-nonsense-lyrics
Kara Bedzie Lek,Fire,1993-02-08,32naWUQrugVH8NjSC0aV5u,216133,https://genius.com/Hey-kara-bedzie-lek-lyrics
Little Peace,Fire,1993-02-08,35yqfWC4jK8KqctVPBJa3p,169960,https://genius.com/Hey-little-peace-lyrics
Zazdrosc,Fire,1993-02-08,0WhPYKWZD20gRI9EDnVBHY,121000,https://genius.com/Hey-zazdrosc-lyrics
Moja i Twoja Nadzieja,Fire,1993-02-08,3a7elKJsZvbRK5CiBvXQMb,285933,https://genius.com/Hey-moja-i-twoja-nadzieja-lyrics
Desire,Fire,1993-02-08,0q9ZZMrcC6r2YMwqVzfRdz,238773,https://genius.com/Hey-desire-lyrics
Delusions,Fire,1993-02-08,31a3h6k6HtJcowxkfsD3Ap,209666,https://genius.com/Hey-delusions-lyrics
Eksperyment,Fire,1993-02-08,3TOMZWDllt0ffIVLMB8qeq,219986,https://genius.com/Hey-eksperyment-lyrics
Flowers For Titus,Fire,1993-02-08,1WUyroEnDtC8o3HQpUs9pC,201306,https://genius.com/Hey-flowers-for-titus-lyrics
Zobaczysz,Fire,1993-02-08,4xznQZMx2ZY3VuMRe3kfgl,260466,https://genius.com/Hey-zobaczysz-lyrics
Schisophrenic Family,Fire,1993-02-08,1SK2SKQgTuaYPQCROmhYTH,113853,https://genius.com/Hey-schisophrenic-family-lyrics
Fate,Fire,1993-02-08,6aivxPzedtcL6TqoZaIzf6,184373,https://genius.com/Hey-fate-lyrics
'38,Fire,1993-02-08,7x5DAaSQYUhqk3qA1R9Sr9,37906,https://genius.com/Hey-38-lyrics
Teksanski,Fire,1993-02-08,1yuX7XjM3l9Gz0grQwxDIl,161760,https://genius.com/Hey-teksanski-lyrics
Moja i Twoja Nadzieja (Acoustic),Fire,1993-02-08,0hZYc6ZRCRGOOWRJkjspmt,183880,https://genius.com/Hey-moja-i-twoja-nadzieja-acoustic-lyrics
Moja i Twoja nadzieja,Moja i Twoja nadzieja,2024-09-26,0RTVDJtAC04Hzx52c0B1gU,328853,https://genius.com/Hey-moja-i-twoja-nadzieja-lyrics
Katasza - Version 2017,Katasza (Version 2017),2017-11-14,31Jl70KBqlpZnl9QtJcFvc,187746,Lyrics not found
"gdzie Jesteś, gdzie jestem?","Gdzie Jesteś, gdzie jestem?",2017-09-15,65MXKic6SAkS5bjlvG345p,252863,https://genius.com/Hey-gdzie-jestes-gdzie-jestem-lyrics
BŁYSK.adło,BŁYSK.adło,2017-03-08,5QEjYlumO3EpEQasozXjvv,223139,Lyrics not found
"Prędko, prędzej","Prędko, prędzej",2016-03-16,3aF4XPLcVaa02FjMbESnB7,231626,https://genius.com/Hey-predko-predzej-lyrics
Że - Radio Edit,Że,1997-04-07,6a9pDrFrH5w31sUY1fI1EA,214949,Lyrics not found
Drops,Że,1997-04-07,7e1mUqgErtscPI1AcaSM0Z,189600,https://genius.com/Hey-drops-lyrics
Guardian Angel,Że,1997-04-07,4uLiNTPoHrxqJxPz0dhiJc,283573,https://genius.com/Hey-guardian-angel-lyrics
I Should Have Known Better - Live,Że,1997-04-07,54gaNrzvts6Ep01ES1YZYT,142981,Lyrics not found
